entity_id	entity_name
0	1226752
1	1210088
2	101510
3	1219019
4	1219020
5	1219027
6	1032480
7	471857
8	469371
9	471852
10	469383
11	485918
12	1400522
13	1120967
14	376686
15	1121378
16	1121917
17	1160707
18	702450
19	1122915
20	1122917
21	1122920
22	1220566
23	1123252
24	509191
25	720554
26	203119
27	1144275
28	886293
29	1385368
30	1385369
31	1121477
32	279238
33	1314749
34	666681
35	1266925
36	323848
37	883126
38	675524
39	1120977
40	553217
41	1121015
42	240016
43	1293039
44	420247
45	435830
46	1123488
47	1120979
48	442563
49	398513
50	326426
51	401473
52	857290
53	1035195
54	553201
55	267747
56	754252
57	411903
58	445975
59	742742
60	479437
61	657308
62	411901
63	537012
64	470145
65	483216
66	272559
67	471870
68	1121098
69	411476
70	484018
71	997887
72	449673
73	411479
74	709991
75	879243
76	1122971
77	1122975
78	762982
79	553171
80	679190
81	1122981
82	866771
83	702439
84	1002367
85	679935
86	742725
87	1203611
88	445970
89	435591
90	927665
91	1203610
92	411477
93	367737
94	553220
95	360107
96	883165
97	563192
98	1121445
99	411464
100	345219
101	445974
102	1123313
103	649755
104	706433
105	321956
106	525328
107	907931
108	1229756
109	586220
110	278197
111	420889
112	1234601
113	208435
114	210007
115	347253
116	93061
117	445971
118	903814
119	411490
120	649757
121	537007
122	476272
123	411459
124	1121115
125	511680
126	717962
127	470146
128	411474
129	411461
130	411462
131	585394
132	622312
133	1121128
134	445972
135	411485
136	657321
137	411473
138	411471
139	525254
140	655811
141	411465
142	862517
143	1118057
144	596330
145	445973
146	591001
147	1122957
148	626939
149	742816
150	592028
151	1064535
152	706434
153	479436
154	469616
155	190304
156	469599
157	742821
158	525369
159	208963
160	1215097
161	352165
162	349741
