entity_id	protein_id
79	
73	
63	
66	
91	
160	
16	
101	
2	
124	
127	
56	
42	
28	
11	
27	
29	
20	
30	
19	
0	
110	
33	
145	
90	
129	
51	
162	
26	
80	
1	
128	
94	
57	
120	
122	
130	
134	
18	
123	
6	
132	
71	
92	
69	
4	
72	
54	
78	
146	
37	
159	
150	
152	
148	
151	
100	
113	
141	
12	
74	
153	
109	
149	
99	
121	
70	
65	
48	
3	
5	
35	
133	
131	
31	
115	
14	
55	
140	
102	
50	
68	
36	
49	
111	
89	
7	
53	
105	
112	
38	
139	
114	
43	
93	
44	
106	
135	
47	
155	
85	
64	
62	
125	
81	
10	
60	
34	
88	
67	
144	
75	
157	
82	
107	
108	
154	
45	
25	
83	
52	
143	
156	
77	
96	
97	
46	
98	
41	
103	
87	
142	
32	
39	
95	
119	
117	
58	
8	
9	
161	
61	
86	
59	
84	
17	
24	
15	
23	
21	
137	
126	
13	
138	
104	
22	
147	
116	
29	0.0
29	1.0
29	2.0
29	3.0
29	4.0
29	5.0
29	6.0
29	7.0
29	8.0
29	9.0
29	10.0
29	11.0
29	12.0
29	13.0
29	14.0
29	15.0
29	16.0
29	17.0
29	18.0
29	19.0
29	20.0
29	21.0
29	22.0
29	23.0
29	24.0
29	25.0
29	26.0
29	27.0
29	28.0
29	29.0
29	30.0
29	31.0
29	32.0
29	33.0
29	34.0
29	35.0
29	36.0
29	37.0
29	38.0
29	39.0
29	40.0
29	41.0
29	42.0
29	43.0
29	44.0
29	45.0
29	46.0
29	47.0
29	48.0
29	49.0
29	50.0
29	51.0
29	52.0
29	53.0
29	54.0
29	55.0
29	56.0
29	57.0
29	58.0
29	59.0
29	60.0
29	61.0
29	62.0
29	63.0
29	64.0
29	65.0
29	66.0
29	67.0
29	68.0
29	69.0
29	70.0
29	71.0
29	72.0
29	73.0
29	74.0
29	75.0
29	76.0
29	77.0
29	78.0
29	79.0
29	80.0
29	81.0
29	82.0
29	83.0
29	84.0
29	85.0
29	86.0
29	87.0
29	88.0
29	89.0
29	90.0
29	91.0
29	92.0
29	93.0
29	94.0
29	95.0
29	96.0
29	97.0
29	98.0
29	99.0
29	100.0
29	101.0
29	102.0
29	103.0
29	104.0
29	105.0
29	106.0
29	107.0
29	108.0
29	109.0
29	110.0
29	111.0
29	112.0
29	113.0
29	114.0
29	115.0
29	116.0
29	117.0
29	118.0
29	119.0
29	120.0
29	121.0
29	122.0
29	123.0
29	124.0
29	125.0
29	126.0
29	127.0
29	128.0
29	129.0
29	130.0
29	131.0
29	132.0
29	133.0
29	134.0
29	135.0
29	136.0
29	137.0
29	138.0
29	139.0
29	140.0
29	141.0
29	142.0
29	143.0
29	144.0
29	145.0
29	146.0
29	147.0
29	148.0
29	149.0
29	150.0
29	151.0
29	152.0
29	153.0
29	154.0
29	155.0
29	156.0
29	157.0
29	158.0
29	159.0
29	160.0
29	161.0
29	162.0
29	163.0
29	164.0
29	165.0
29	166.0
29	167.0
29	168.0
29	169.0
29	170.0
29	171.0
29	172.0
29	173.0
29	174.0
29	175.0
29	176.0
29	177.0
29	178.0
29	179.0
29	180.0
29	181.0
29	182.0
29	183.0
29	184.0
29	185.0
29	186.0
29	187.0
29	188.0
31	189.0
31	190.0
31	191.0
31	192.0
31	193.0
31	194.0
31	195.0
31	196.0
31	197.0
31	198.0
31	199.0
31	200.0
31	201.0
31	202.0
31	203.0
31	204.0
31	205.0
31	206.0
31	207.0
31	208.0
31	209.0
31	210.0
31	211.0
31	212.0
31	213.0
31	214.0
31	215.0
31	216.0
31	217.0
31	218.0
31	219.0
31	220.0
31	221.0
31	222.0
31	223.0
31	224.0
31	225.0
31	226.0
31	227.0
31	228.0
31	229.0
31	230.0
31	231.0
31	232.0
31	233.0
31	234.0
31	235.0
31	236.0
31	237.0
31	238.0
31	239.0
31	240.0
31	241.0
31	242.0
31	243.0
31	244.0
31	245.0
31	246.0
31	247.0
31	248.0
31	249.0
31	250.0
31	251.0
31	252.0
31	253.0
31	254.0
31	255.0
31	256.0
31	257.0
31	258.0
31	259.0
31	260.0
31	261.0
31	262.0
31	263.0
31	264.0
31	265.0
31	266.0
31	267.0
31	268.0
31	269.0
31	270.0
31	271.0
31	272.0
31	273.0
31	274.0
31	275.0
31	276.0
31	277.0
31	278.0
31	279.0
31	280.0
31	281.0
31	282.0
31	283.0
31	284.0
31	285.0
31	286.0
31	287.0
31	288.0
31	289.0
31	290.0
31	291.0
31	292.0
31	293.0
31	294.0
31	295.0
31	296.0
31	297.0
31	298.0
31	299.0
31	300.0
31	301.0
31	302.0
31	303.0
31	304.0
31	305.0
31	306.0
31	307.0
31	308.0
31	309.0
31	310.0
31	311.0
31	312.0
31	313.0
31	314.0
31	315.0
31	316.0
31	317.0
31	318.0
31	319.0
31	320.0
31	321.0
31	322.0
31	323.0
31	324.0
31	325.0
31	326.0
31	327.0
31	328.0
31	329.0
31	330.0
31	331.0
31	332.0
31	333.0
31	334.0
31	335.0
31	336.0
31	337.0
31	338.0
31	339.0
31	340.0
31	341.0
31	342.0
31	343.0
31	344.0
31	345.0
31	346.0
31	347.0
31	348.0
31	349.0
31	350.0
31	351.0
31	352.0
31	353.0
31	354.0
31	355.0
31	356.0
31	357.0
31	358.0
31	359.0
31	360.0
31	361.0
31	362.0
31	363.0
31	364.0
31	365.0
31	366.0
31	367.0
31	368.0
31	369.0
31	370.0
31	371.0
31	372.0
31	373.0
31	374.0
31	375.0
31	376.0
31	377.0
31	378.0
31	379.0
31	380.0
31	381.0
31	382.0
31	383.0
31	384.0
31	385.0
31	386.0
31	387.0
31	388.0
31	389.0
31	390.0
31	391.0
31	392.0
31	393.0
31	394.0
31	395.0
31	396.0
31	397.0
31	398.0
31	399.0
31	400.0
31	401.0
31	402.0
31	403.0
31	404.0
31	405.0
31	406.0
31	407.0
31	408.0
31	409.0
31	410.0
31	411.0
31	412.0
31	413.0
31	414.0
31	415.0
31	416.0
31	417.0
31	418.0
31	419.0
31	420.0
31	421.0
31	422.0
31	423.0
31	424.0
31	425.0
31	426.0
31	427.0
31	428.0
31	429.0
31	430.0
31	431.0
31	432.0
31	433.0
31	434.0
31	435.0
31	436.0
31	437.0
31	438.0
31	439.0
31	440.0
31	441.0
31	442.0
31	443.0
31	444.0
31	445.0
31	446.0
31	447.0
31	448.0
31	449.0
31	450.0
31	451.0
31	452.0
31	453.0
31	454.0
31	455.0
31	456.0
31	457.0
31	458.0
31	459.0
31	460.0
31	461.0
31	462.0
31	463.0
31	464.0
31	465.0
31	466.0
31	467.0
31	468.0
31	469.0
31	470.0
31	471.0
31	472.0
31	473.0
31	474.0
31	475.0
31	476.0
31	477.0
31	478.0
31	479.0
31	480.0
31	481.0
31	482.0
31	483.0
31	484.0
31	485.0
31	486.0
31	487.0
31	488.0
31	489.0
31	490.0
31	491.0
31	492.0
31	493.0
31	494.0
31	495.0
31	496.0
31	497.0
31	498.0
31	499.0
31	500.0
31	501.0
31	502.0
31	503.0
31	504.0
31	505.0
31	506.0
90	507.0
90	508.0
90	509.0
90	510.0
35	511.0
35	512.0
35	513.0
35	514.0
35	515.0
35	516.0
35	517.0
35	518.0
35	519.0
35	520.0
35	521.0
35	522.0
35	523.0
35	524.0
35	525.0
35	526.0
35	527.0
35	528.0
35	529.0
35	530.0
42	531.0
42	532.0
42	533.0
42	534.0
42	535.0
42	536.0
42	537.0
42	538.0
42	539.0
42	540.0
42	541.0
42	542.0
42	543.0
42	544.0
42	545.0
42	546.0
42	547.0
42	548.0
42	549.0
42	550.0
42	551.0
42	552.0
42	553.0
42	554.0
42	555.0
42	556.0
42	557.0
42	558.0
42	559.0
42	560.0
42	561.0
42	562.0
42	563.0
42	564.0
42	565.0
42	566.0
42	567.0
42	568.0
42	569.0
42	570.0
42	571.0
42	572.0
42	573.0
42	574.0
42	575.0
42	576.0
42	577.0
42	578.0
42	579.0
155	580.0
155	581.0
50	582.0
101	583.0
101	584.0
101	585.0
101	586.0
101	587.0
101	588.0
101	589.0
127	590.0
127	591.0
127	592.0
127	593.0
127	594.0
127	595.0
127	596.0
127	597.0
127	598.0
127	599.0
127	600.0
127	601.0
127	602.0
72	603.0
72	604.0
72	605.0
72	606.0
72	607.0
72	608.0
72	609.0
49	610.0
43	611.0
43	612.0
43	613.0
43	614.0
43	615.0
43	616.0
43	617.0
43	618.0
43	619.0
43	620.0
43	621.0
43	622.0
43	623.0
43	624.0
43	625.0
43	626.0
43	627.0
43	628.0
43	629.0
43	630.0
43	631.0
43	632.0
43	633.0
43	634.0
43	635.0
43	636.0
43	637.0
43	638.0
43	639.0
43	640.0
43	641.0
43	642.0
43	643.0
43	644.0
43	645.0
43	646.0
43	647.0
43	648.0
43	649.0
43	650.0
43	651.0
43	652.0
43	653.0
43	654.0
43	655.0
43	656.0
43	657.0
43	658.0
43	659.0
43	660.0
43	661.0
43	662.0
43	663.0
43	664.0
43	665.0
43	666.0
43	667.0
43	668.0
43	669.0
43	670.0
43	671.0
43	672.0
43	673.0
43	674.0
43	675.0
43	676.0
43	677.0
43	678.0
43	679.0
43	680.0
43	681.0
43	682.0
43	683.0
43	684.0
43	685.0
43	686.0
43	687.0
43	688.0
43	689.0
43	690.0
43	691.0
43	692.0
43	693.0
43	694.0
43	695.0
43	696.0
43	697.0
43	698.0
43	699.0
43	700.0
43	701.0
43	702.0
43	703.0
43	704.0
43	705.0
43	706.0
43	707.0
43	708.0
43	709.0
43	710.0
43	711.0
43	712.0
43	713.0
43	714.0
43	715.0
43	716.0
43	717.0
43	718.0
43	719.0
43	720.0
43	721.0
43	722.0
43	723.0
43	724.0
43	725.0
43	726.0
43	727.0
43	728.0
43	729.0
43	730.0
43	731.0
43	732.0
43	733.0
43	734.0
43	735.0
43	736.0
43	737.0
43	738.0
43	739.0
43	740.0
43	741.0
43	742.0
43	743.0
43	744.0
43	745.0
43	746.0
43	747.0
43	748.0
43	749.0
43	750.0
43	751.0
43	752.0
43	753.0
43	754.0
43	755.0
43	756.0
43	757.0
43	758.0
43	759.0
43	760.0
43	761.0
43	762.0
43	763.0
43	764.0
43	765.0
43	766.0
43	767.0
43	768.0
43	769.0
43	770.0
43	771.0
43	772.0
43	773.0
43	774.0
43	775.0
43	776.0
43	777.0
43	778.0
43	779.0
43	780.0
43	781.0
43	782.0
43	783.0
43	784.0
43	785.0
43	786.0
43	787.0
43	788.0
43	789.0
43	790.0
43	791.0
43	792.0
43	793.0
43	794.0
43	795.0
43	796.0
43	797.0
43	798.0
43	799.0
43	800.0
43	801.0
43	802.0
43	803.0
43	804.0
43	805.0
43	806.0
43	807.0
43	808.0
43	809.0
43	810.0
43	811.0
43	812.0
43	813.0
43	814.0
43	815.0
43	816.0
43	817.0
43	818.0
43	819.0
43	820.0
43	821.0
43	822.0
43	823.0
43	824.0
43	825.0
43	826.0
43	827.0
43	828.0
43	829.0
43	830.0
43	831.0
43	832.0
43	833.0
43	834.0
43	835.0
43	836.0
43	837.0
43	838.0
43	839.0
43	840.0
43	841.0
43	842.0
43	843.0
43	844.0
43	845.0
43	846.0
43	847.0
43	848.0
43	849.0
43	850.0
43	851.0
43	852.0
43	853.0
43	854.0
43	855.0
43	856.0
43	857.0
43	858.0
43	859.0
43	860.0
43	861.0
43	862.0
43	863.0
43	864.0
43	865.0
43	866.0
43	867.0
43	868.0
43	869.0
43	870.0
43	871.0
43	872.0
43	873.0
43	874.0
43	875.0
43	876.0
43	877.0
43	878.0
43	879.0
43	880.0
43	881.0
43	882.0
43	883.0
43	884.0
43	885.0
43	886.0
43	887.0
43	888.0
43	889.0
43	890.0
43	891.0
43	892.0
43	893.0
43	894.0
43	895.0
43	896.0
43	897.0
43	898.0
43	899.0
43	900.0
43	901.0
43	902.0
43	903.0
43	904.0
43	905.0
43	906.0
43	907.0
43	908.0
43	909.0
43	910.0
43	911.0
43	912.0
43	913.0
43	914.0
43	915.0
43	916.0
43	917.0
43	918.0
43	919.0
43	920.0
43	921.0
43	922.0
43	923.0
43	924.0
43	925.0
43	926.0
43	927.0
43	928.0
43	929.0
43	930.0
43	931.0
43	932.0
43	933.0
43	934.0
43	935.0
43	936.0
43	937.0
43	938.0
43	939.0
43	940.0
43	941.0
43	942.0
43	943.0
43	944.0
43	945.0
43	946.0
43	947.0
43	948.0
43	949.0
43	950.0
43	951.0
43	952.0
43	953.0
43	954.0
43	955.0
43	956.0
43	957.0
43	958.0
43	959.0
43	960.0
43	961.0
43	962.0
43	963.0
43	964.0
43	965.0
43	966.0
43	967.0
43	968.0
43	969.0
43	970.0
43	971.0
43	972.0
43	973.0
43	974.0
43	975.0
43	976.0
43	977.0
43	978.0
43	979.0
43	980.0
43	981.0
43	982.0
43	983.0
43	984.0
43	985.0
43	986.0
43	987.0
43	988.0
43	989.0
43	990.0
43	991.0
43	992.0
43	993.0
43	994.0
43	995.0
43	996.0
43	997.0
43	998.0
43	999.0
43	1000.0
43	1001.0
43	1002.0
43	1003.0
43	1004.0
43	1005.0
43	1006.0
43	1007.0
43	1008.0
43	1009.0
43	1010.0
43	1011.0
43	1012.0
43	1013.0
43	1014.0
43	1015.0
43	1016.0
43	1017.0
43	1018.0
43	1019.0
43	1020.0
43	1021.0
43	1022.0
43	1023.0
43	1024.0
43	1025.0
43	1026.0
43	1027.0
43	1028.0
43	1029.0
43	1030.0
43	1031.0
43	1032.0
43	1033.0
43	1034.0
43	1035.0
43	1036.0
43	1037.0
43	1038.0
43	1039.0
43	1040.0
43	1041.0
43	1042.0
43	1043.0
43	1044.0
43	1045.0
43	1046.0
43	1047.0
43	1048.0
43	1049.0
43	1050.0
43	1051.0
43	1052.0
43	1053.0
43	1054.0
43	1055.0
43	1056.0
43	1057.0
43	1058.0
43	1059.0
43	1060.0
43	1061.0
43	1062.0
43	1063.0
43	1064.0
43	1065.0
43	1066.0
43	1067.0
43	1068.0
43	1069.0
43	1070.0
43	1071.0
43	1072.0
43	1073.0
43	1074.0
43	1075.0
43	1076.0
43	1077.0
43	1078.0
43	1079.0
43	1080.0
43	1081.0
43	1082.0
43	1083.0
43	1084.0
43	1085.0
43	1086.0
43	1087.0
43	1088.0
43	1089.0
43	1090.0
43	1091.0
43	1092.0
43	1093.0
43	1094.0
43	1095.0
43	1096.0
43	1097.0
43	1098.0
43	1099.0
43	1100.0
43	1101.0
43	1102.0
43	1103.0
43	1104.0
43	1105.0
43	1106.0
43	1107.0
43	1108.0
43	1109.0
43	1110.0
43	1111.0
43	1112.0
43	1113.0
43	1114.0
43	1115.0
43	1116.0
43	1117.0
43	1118.0
43	1119.0
43	1120.0
43	1121.0
43	1122.0
43	1123.0
43	1124.0
43	1125.0
43	1126.0
43	1127.0
43	1128.0
43	1129.0
43	1130.0
43	1131.0
43	1132.0
43	1133.0
43	1134.0
43	1135.0
43	1136.0
43	1137.0
43	1138.0
43	1139.0
43	1140.0
43	1141.0
43	1142.0
43	1143.0
43	1144.0
43	1145.0
43	1146.0
43	1147.0
43	1148.0
43	1149.0
43	1150.0
43	1151.0
43	1152.0
43	1153.0
43	1154.0
43	1155.0
43	1156.0
43	1157.0
43	1158.0
43	1159.0
43	1160.0
43	1161.0
43	1162.0
43	1163.0
43	1164.0
43	1165.0
43	1166.0
43	1167.0
43	1168.0
43	1169.0
43	1170.0
43	1171.0
43	1172.0
43	1173.0
43	1174.0
43	1175.0
43	1176.0
43	1177.0
43	1178.0
43	1179.0
43	1180.0
43	1181.0
43	1182.0
43	1183.0
43	1184.0
43	1185.0
43	1186.0
43	1187.0
43	1188.0
43	1189.0
43	1190.0
43	1191.0
43	1192.0
43	1193.0
43	1194.0
43	1195.0
43	1196.0
43	1197.0
43	1198.0
43	1199.0
43	1200.0
43	1201.0
43	1202.0
43	1203.0
43	1204.0
43	1205.0
43	1206.0
43	1207.0
43	1208.0
43	1209.0
43	1210.0
43	1211.0
43	1212.0
43	1213.0
43	1214.0
43	1215.0
43	1216.0
43	1217.0
43	1218.0
43	1219.0
43	1220.0
43	1221.0
43	1222.0
43	1223.0
43	1224.0
43	1225.0
43	1226.0
43	1227.0
43	1228.0
43	1229.0
43	1230.0
43	1231.0
43	1232.0
43	1233.0
43	1234.0
43	1235.0
43	1236.0
43	1237.0
43	1238.0
43	1239.0
43	1240.0
43	1241.0
43	1242.0
43	1243.0
43	1244.0
43	1245.0
43	1246.0
43	1247.0
43	1248.0
43	1249.0
43	1250.0
43	1251.0
43	1252.0
43	1253.0
43	1254.0
43	1255.0
43	1256.0
43	1257.0
43	1258.0
43	1259.0
43	1260.0
43	1261.0
43	1262.0
43	1263.0
43	1264.0
43	1265.0
43	1266.0
43	1267.0
43	1268.0
43	1269.0
43	1270.0
43	1271.0
43	1272.0
43	1273.0
43	1274.0
43	1275.0
43	1276.0
43	1277.0
43	1278.0
43	1279.0
43	1280.0
43	1281.0
43	1282.0
43	1283.0
43	1284.0
43	1285.0
43	1286.0
43	1287.0
43	1288.0
43	1289.0
43	1290.0
43	1291.0
43	1292.0
43	1293.0
43	1294.0
43	1295.0
43	1296.0
43	1297.0
43	1298.0
43	1299.0
43	1300.0
43	1301.0
43	1302.0
43	1303.0
43	1304.0
43	1305.0
43	1306.0
43	1307.0
43	1308.0
43	1309.0
43	1310.0
43	1311.0
43	1312.0
43	1313.0
43	1314.0
43	1315.0
43	1316.0
43	1317.0
43	1318.0
43	1319.0
43	1320.0
43	1321.0
43	1322.0
43	1323.0
43	1324.0
43	1325.0
43	1326.0
43	1327.0
43	1328.0
43	1329.0
43	1330.0
43	1331.0
43	1332.0
43	1333.0
43	1334.0
43	1335.0
43	1336.0
43	1337.0
43	1338.0
43	1339.0
43	1340.0
43	1341.0
43	1342.0
43	1343.0
43	1344.0
43	1345.0
43	1346.0
43	1347.0
43	1348.0
43	1349.0
43	1350.0
43	1351.0
43	1352.0
43	1353.0
43	1354.0
43	1355.0
43	1356.0
43	1357.0
43	1358.0
43	1359.0
43	1360.0
43	1361.0
43	1362.0
43	1363.0
43	1364.0
43	1365.0
43	1366.0
43	1367.0
43	1368.0
43	1369.0
43	1370.0
43	1371.0
43	1372.0
43	1373.0
43	1374.0
43	1375.0
43	1376.0
43	1377.0
43	1378.0
43	1379.0
43	1380.0
43	1381.0
43	1382.0
43	1383.0
43	1384.0
43	1385.0
43	1386.0
43	1387.0
43	1388.0
43	1389.0
43	1390.0
43	1391.0
43	1392.0
43	1393.0
43	1394.0
43	1395.0
43	1396.0
43	1397.0
43	1398.0
43	1399.0
43	1400.0
43	1401.0
43	1402.0
43	1403.0
43	1404.0
43	1405.0
43	1406.0
43	1407.0
43	1408.0
43	1409.0
43	1410.0
43	1411.0
43	1412.0
43	1413.0
43	1414.0
43	1415.0
43	1416.0
43	1417.0
43	1418.0
43	1419.0
43	1420.0
43	1421.0
43	1422.0
43	1423.0
43	1424.0
43	1425.0
43	1426.0
43	1427.0
43	1428.0
43	1429.0
43	1430.0
43	1431.0
43	1432.0
43	1433.0
43	1434.0
43	1435.0
43	1436.0
43	1437.0
43	1438.0
43	1439.0
43	1440.0
43	1441.0
43	1442.0
43	1443.0
43	1444.0
43	1445.0
43	1446.0
43	1447.0
43	1448.0
43	1449.0
43	1450.0
43	1451.0
43	1452.0
43	1453.0
43	1454.0
43	1455.0
43	1456.0
43	1457.0
43	1458.0
43	1459.0
43	1460.0
43	1461.0
43	1462.0
43	1463.0
43	1464.0
43	1465.0
43	1466.0
43	1467.0
43	1468.0
43	1469.0
43	1470.0
43	1471.0
43	1472.0
43	1473.0
43	1474.0
43	1475.0
43	1476.0
43	1477.0
43	1478.0
43	1479.0
43	1480.0
43	1481.0
43	1482.0
43	1483.0
43	1484.0
43	1485.0
43	1486.0
43	1487.0
43	1488.0
43	1489.0
43	1490.0
43	1491.0
43	1492.0
43	1493.0
43	1494.0
43	1495.0
43	1496.0
43	1497.0
43	1498.0
43	1499.0
43	1500.0
43	1501.0
43	1502.0
43	1503.0
43	1504.0
43	1505.0
43	1506.0
43	1507.0
43	1508.0
43	1509.0
43	1510.0
43	1511.0
43	1512.0
43	1513.0
43	1514.0
43	1515.0
43	1516.0
43	1517.0
43	1518.0
43	1519.0
43	1520.0
43	1521.0
43	1522.0
43	1523.0
43	1524.0
43	1525.0
43	1526.0
43	1527.0
43	1528.0
43	1529.0
43	1530.0
43	1531.0
43	1532.0
43	1533.0
43	1534.0
43	1535.0
43	1536.0
43	1537.0
43	1538.0
43	1539.0
43	1540.0
43	1541.0
43	1542.0
43	1543.0
43	1544.0
43	1545.0
43	1546.0
43	1547.0
43	1548.0
43	1549.0
43	1550.0
43	1551.0
43	1552.0
43	1553.0
43	1554.0
43	1555.0
43	1556.0
43	1557.0
43	1558.0
43	1559.0
43	1560.0
43	1561.0
43	1562.0
43	1563.0
43	1564.0
43	1565.0
43	1566.0
43	1567.0
43	1568.0
43	1569.0
43	1570.0
43	1571.0
43	1572.0
43	1573.0
43	1574.0
43	1575.0
43	1576.0
43	1577.0
43	1578.0
43	1579.0
43	1580.0
43	1581.0
43	1582.0
43	1583.0
43	1584.0
43	1585.0
43	1586.0
43	1587.0
43	1588.0
43	1589.0
43	1590.0
43	1591.0
43	1592.0
43	1593.0
43	1594.0
43	1595.0
43	1596.0
43	1597.0
43	1598.0
43	1599.0
43	1600.0
43	1601.0
43	1602.0
43	1603.0
43	1604.0
43	1605.0
43	1606.0
43	1607.0
43	1608.0
43	1609.0
43	1610.0
43	1611.0
43	1612.0
43	1613.0
43	1614.0
43	1615.0
43	1616.0
43	1617.0
43	1618.0
43	1619.0
43	1620.0
43	1621.0
43	1622.0
43	1623.0
43	1624.0
43	1625.0
43	1626.0
43	1627.0
43	1628.0
43	1629.0
43	1630.0
43	1631.0
43	1632.0
43	1633.0
43	1634.0
43	1635.0
43	1636.0
43	1637.0
43	1638.0
43	1639.0
43	1640.0
43	1641.0
43	1642.0
43	1643.0
43	1644.0
43	1645.0
43	1646.0
43	1647.0
43	1648.0
43	1649.0
43	1650.0
43	1651.0
43	1652.0
43	1653.0
43	1654.0
43	1655.0
43	1656.0
43	1657.0
43	1658.0
43	1659.0
43	1660.0
43	1661.0
43	1662.0
43	1663.0
43	1664.0
43	1665.0
43	1666.0
43	1667.0
43	1668.0
43	1669.0
43	1670.0
43	1671.0
43	1672.0
43	1673.0
43	1674.0
43	1675.0
43	1676.0
43	1677.0
43	1678.0
43	1679.0
43	1680.0
43	1681.0
43	1682.0
43	1683.0
43	1684.0
43	1685.0
43	1686.0
43	1687.0
43	1688.0
43	1689.0
43	1690.0
43	1691.0
43	1692.0
43	1693.0
43	1694.0
43	1695.0
43	1696.0
43	1697.0
43	1698.0
43	1699.0
43	1700.0
43	1701.0
43	1702.0
43	1703.0
43	1704.0
43	1705.0
43	1706.0
43	1707.0
43	1708.0
43	1709.0
43	1710.0
43	1711.0
43	1712.0
43	1713.0
43	1714.0
43	1715.0
43	1716.0
43	1717.0
43	1718.0
43	1719.0
43	1720.0
43	1721.0
43	1722.0
43	1723.0
43	1724.0
43	1725.0
43	1726.0
43	1727.0
43	1728.0
43	1729.0
43	1730.0
43	1731.0
43	1732.0
43	1733.0
43	1734.0
43	1735.0
43	1736.0
43	1737.0
43	1738.0
43	1739.0
43	1740.0
43	1741.0
43	1742.0
43	1743.0
43	1744.0
43	1745.0
43	1746.0
43	1747.0
43	1748.0
43	1749.0
43	1750.0
43	1751.0
43	1752.0
43	1753.0
43	1754.0
43	1755.0
43	1756.0
43	1757.0
43	1758.0
43	1759.0
43	1760.0
43	1761.0
43	1762.0
43	1763.0
43	1764.0
43	1765.0
43	1766.0
43	1767.0
43	1768.0
43	1769.0
43	1770.0
43	1771.0
43	1772.0
43	1773.0
43	1774.0
43	1775.0
43	1776.0
43	1777.0
43	1778.0
43	1779.0
43	1780.0
43	1781.0
43	1782.0
43	1783.0
43	1784.0
43	1785.0
43	1786.0
43	1787.0
132	1788.0
132	1789.0
132	1790.0
132	1791.0
132	1792.0
132	1793.0
132	1794.0
132	1795.0
132	1796.0
132	1797.0
132	1798.0
132	1799.0
132	1800.0
132	1801.0
132	1802.0
132	1803.0
132	1804.0
132	1805.0
132	1806.0
132	1807.0
132	1808.0
132	1809.0
132	1810.0
132	1811.0
132	1812.0
132	1813.0
132	1814.0
132	1815.0
132	1816.0
132	1817.0
132	1818.0
132	1819.0
132	1820.0
132	1821.0
132	1822.0
132	1823.0
132	1824.0
132	1825.0
132	1826.0
132	1827.0
132	1828.0
132	1829.0
127	1830.0
129	1831.0
127	1832.0
127	1833.0
127	1834.0
124	1835.0
127	1836.0
127	1837.0
127	1838.0
127	1839.0
127	1840.0
127	1841.0
127	1842.0
127	1843.0
127	1844.0
127	1845.0
127	1846.0
127	1847.0
123	1848.0
123	1849.0
123	1850.0
123	1851.0
123	1852.0
123	1853.0
123	1854.0
123	1855.0
123	1856.0
123	1857.0
123	1858.0
123	1859.0
123	1860.0
123	1861.0
123	1862.0
123	1863.0
123	1864.0
123	1865.0
123	1866.0
123	1867.0
123	1868.0
123	1869.0
123	1870.0
123	1871.0
123	1872.0
129	1873.0
129	1874.0
129	1875.0
129	1876.0
129	1877.0
123	1878.0
123	1879.0
123	1880.0
127	1881.0
123	1882.0
123	1883.0
120	1884.0
123	1885.0
123	1886.0
123	1887.0
123	1888.0
123	1889.0
123	1890.0
127	1891.0
127	1892.0
129	1893.0
127	1894.0
126	1895.0
124	1896.0
124	1897.0
124	1898.0
124	1899.0
124	1900.0
124	1901.0
124	1902.0
124	1903.0
124	1904.0
129	1905.0
123	1906.0
123	1907.0
123	1908.0
123	1909.0
123	1910.0
123	1911.0
123	1912.0
123	1913.0
123	1914.0
123	1915.0
123	1916.0
123	1917.0
123	1918.0
123	1919.0
123	1920.0
123	1921.0
123	1922.0
123	1923.0
123	1924.0
123	1925.0
127	1926.0
123	1927.0
123	1928.0
123	1929.0
126	1930.0
123	1931.0
123	1932.0
123	1933.0
123	1934.0
123	1935.0
123	1936.0
123	1937.0
123	1938.0
123	1939.0
123	1940.0
127	1941.0
120	1942.0
120	1943.0
145	1944.0
127	1945.0
127	1946.0
127	1947.0
127	1948.0
127	1949.0
127	1950.0
127	1951.0
128	1952.0
129	1953.0
127	1954.0
129	1955.0
129	1956.0
124	1957.0
124	1958.0
124	1959.0
127	1960.0
127	1961.0
127	1962.0
127	1963.0
127	1964.0
127	1965.0
127	1966.0
127	1967.0
127	1968.0
127	1969.0
127	1970.0
127	1971.0
127	1972.0
127	1973.0
127	1974.0
127	1975.0
127	1976.0
127	1977.0
127	1978.0
127	1979.0
127	1980.0
127	1981.0
127	1982.0
127	1983.0
127	1984.0
127	1985.0
127	1986.0
127	1987.0
127	1988.0
127	1989.0
127	1990.0
127	1991.0
127	1992.0
127	1993.0
127	1994.0
127	1995.0
127	1996.0
127	1997.0
127	1998.0
127	1999.0
127	2000.0
127	2001.0
127	2002.0
127	2003.0
127	2004.0
127	2005.0
127	2006.0
127	2007.0
127	2008.0
127	2009.0
127	2010.0
127	2011.0
127	2012.0
127	2013.0
127	2014.0
127	2015.0
127	2016.0
127	2017.0
127	2018.0
127	2019.0
127	2020.0
127	2021.0
127	2022.0
127	2023.0
127	2024.0
127	2025.0
127	2026.0
127	2027.0
127	2028.0
127	2029.0
127	2030.0
127	2031.0
127	2032.0
127	2033.0
127	2034.0
127	2035.0
127	2036.0
127	2037.0
127	2038.0
127	2039.0
127	2040.0
127	2041.0
127	2042.0
127	2043.0
127	2044.0
127	2045.0
127	2046.0
127	2047.0
127	2048.0
127	2049.0
127	2050.0
127	2051.0
127	2052.0
127	2053.0
127	2054.0
127	2055.0
127	2056.0
127	2057.0
127	2058.0
127	2059.0
127	2060.0
127	2061.0
127	2062.0
127	2063.0
127	2064.0
127	2065.0
127	2066.0
127	2067.0
129	2068.0
127	2069.0
127	2070.0
127	2071.0
127	2072.0
127	2073.0
127	2074.0
127	2075.0
127	2076.0
127	2077.0
127	2078.0
127	2079.0
127	2080.0
129	2081.0
127	2082.0
127	2083.0
127	2084.0
127	2085.0
127	2086.0
127	2087.0
127	2088.0
127	2089.0
127	2090.0
127	2091.0
127	2092.0
127	2093.0
127	2094.0
127	2095.0
127	2096.0
127	2097.0
127	2098.0
127	2099.0
127	2100.0
127	2101.0
127	2102.0
127	2103.0
127	2104.0
127	2105.0
127	2106.0
127	2107.0
127	2108.0
127	2109.0
127	2110.0
129	2111.0
127	2112.0
127	2113.0
127	2114.0
127	2115.0
127	2116.0
127	2117.0
127	2118.0
127	2119.0
127	2120.0
127	2121.0
127	2122.0
127	2123.0
127	2124.0
127	2125.0
127	2126.0
127	2127.0
127	2128.0
127	2129.0
127	2130.0
127	2131.0
127	2132.0
127	2133.0
127	2134.0
127	2135.0
127	2136.0
127	2137.0
127	2138.0
127	2139.0
127	2140.0
127	2141.0
127	2142.0
127	2143.0
127	2144.0
127	2145.0
127	2146.0
127	2147.0
127	2148.0
127	2149.0
127	2150.0
127	2151.0
127	2152.0
127	2153.0
127	2154.0
127	2155.0
127	2156.0
127	2157.0
127	2158.0
127	2159.0
127	2160.0
127	2161.0
127	2162.0
127	2163.0
127	2164.0
127	2165.0
127	2166.0
127	2167.0
127	2168.0
127	2169.0
127	2170.0
127	2171.0
127	2172.0
127	2173.0
127	2174.0
127	2175.0
127	2176.0
127	2177.0
127	2178.0
127	2179.0
127	2180.0
127	2181.0
127	2182.0
127	2183.0
127	2184.0
127	2185.0
127	2186.0
127	2187.0
127	2188.0
127	2189.0
127	2190.0
127	2191.0
127	2192.0
127	2193.0
127	2194.0
127	2195.0
127	2196.0
127	2197.0
127	2198.0
127	2199.0
127	2200.0
127	2201.0
127	2202.0
127	2203.0
127	2204.0
127	2205.0
127	2206.0
127	2207.0
127	2208.0
127	2209.0
127	2210.0
127	2211.0
127	2212.0
127	2213.0
127	2214.0
127	2215.0
127	2216.0
127	2217.0
127	2218.0
127	2219.0
127	2220.0
127	2221.0
127	2222.0
127	2223.0
127	2224.0
127	2225.0
127	2226.0
127	2227.0
127	2228.0
127	2229.0
127	2230.0
127	2231.0
127	2232.0
127	2233.0
127	2234.0
127	2235.0
127	2236.0
127	2237.0
127	2238.0
127	2239.0
127	2240.0
127	2241.0
127	2242.0
127	2243.0
127	2244.0
127	2245.0
127	2246.0
127	2247.0
127	2248.0
127	2249.0
127	2250.0
127	2251.0
127	2252.0
127	2253.0
127	2254.0
127	2255.0
127	2256.0
127	2257.0
127	2258.0
127	2259.0
127	2260.0
127	2261.0
127	2262.0
127	2263.0
127	2264.0
127	2265.0
127	2266.0
127	2267.0
127	2268.0
127	2269.0
127	2270.0
127	2271.0
127	2272.0
127	2273.0
127	2274.0
127	2275.0
127	2276.0
127	2277.0
127	2278.0
127	2279.0
127	2280.0
127	2281.0
127	2282.0
127	2283.0
127	2284.0
127	2285.0
127	2286.0
127	2287.0
127	2288.0
127	2289.0
127	2290.0
127	2291.0
127	2292.0
127	2293.0
127	2294.0
127	2295.0
127	2296.0
127	2297.0
127	2298.0
127	2299.0
127	2300.0
127	2301.0
127	2302.0
127	2303.0
127	2304.0
127	2305.0
127	2306.0
127	2307.0
127	2308.0
127	2309.0
127	2310.0
127	2311.0
127	2312.0
127	2313.0
127	2314.0
127	2315.0
127	2316.0
127	2317.0
127	2318.0
127	2319.0
127	2320.0
127	2321.0
127	2322.0
127	2323.0
127	2324.0
127	2325.0
127	2326.0
127	2327.0
127	2328.0
127	2329.0
127	2330.0
127	2331.0
127	2332.0
127	2333.0
127	2334.0
127	2335.0
127	2336.0
127	2337.0
127	2338.0
127	2339.0
127	2340.0
127	2341.0
127	2342.0
127	2343.0
127	2344.0
127	2345.0
127	2346.0
127	2347.0
127	2348.0
127	2349.0
127	2350.0
127	2351.0
127	2352.0
127	2353.0
127	2354.0
127	2355.0
127	2356.0
127	2357.0
127	2358.0
127	2359.0
127	2360.0
127	2361.0
127	2362.0
127	2363.0
127	2364.0
127	2365.0
127	2366.0
127	2367.0
127	2368.0
127	2369.0
127	2370.0
127	2371.0
127	2372.0
127	2373.0
127	2374.0
127	2375.0
127	2376.0
127	2377.0
127	2378.0
127	2379.0
127	2380.0
127	2381.0
127	2382.0
127	2383.0
127	2384.0
127	2385.0
127	2386.0
127	2387.0
127	2388.0
127	2389.0
127	2390.0
127	2391.0
127	2392.0
127	2393.0
127	2394.0
127	2395.0
127	2396.0
127	2397.0
127	2398.0
127	2399.0
127	2400.0
127	2401.0
127	2402.0
127	2403.0
127	2404.0
127	2405.0
127	2406.0
127	2407.0
127	2408.0
127	2409.0
127	2410.0
127	2411.0
127	2412.0
127	2413.0
127	2414.0
127	2415.0
127	2416.0
127	2417.0
127	2418.0
127	2419.0
127	2420.0
127	2421.0
127	2422.0
127	2423.0
127	2424.0
127	2425.0
127	2426.0
127	2427.0
127	2428.0
127	2429.0
127	2430.0
127	2431.0
127	2432.0
127	2433.0
127	2434.0
127	2435.0
127	2436.0
127	2437.0
127	2438.0
127	2439.0
127	2440.0
127	2441.0
127	2442.0
127	2443.0
127	2444.0
127	2445.0
127	2446.0
127	2447.0
127	2448.0
127	2449.0
127	2450.0
127	2451.0
127	2452.0
127	2453.0
127	2454.0
127	2455.0
127	2456.0
127	2457.0
127	2458.0
127	2459.0
127	2460.0
127	2461.0
127	2462.0
127	2463.0
127	2464.0
127	2465.0
127	2466.0
129	2467.0
129	2468.0
127	2469.0
127	2470.0
127	2471.0
127	2472.0
127	2473.0
127	2474.0
127	2475.0
127	2476.0
127	2477.0
127	2478.0
127	2479.0
127	2480.0
127	2481.0
127	2482.0
127	2483.0
127	2484.0
127	2485.0
127	2486.0
127	2487.0
127	2488.0
127	2489.0
127	2490.0
127	2491.0
127	2492.0
127	2493.0
127	2494.0
127	2495.0
127	2496.0
127	2497.0
127	2498.0
127	2499.0
127	2500.0
127	2501.0
127	2502.0
127	2503.0
127	2504.0
127	2505.0
127	2506.0
127	2507.0
127	2508.0
127	2509.0
127	2510.0
127	2511.0
127	2512.0
127	2513.0
127	2514.0
127	2515.0
127	2516.0
127	2517.0
127	2518.0
127	2519.0
127	2520.0
127	2521.0
127	2522.0
127	2523.0
127	2524.0
127	2525.0
127	2526.0
127	2527.0
127	2528.0
127	2529.0
127	2530.0
127	2531.0
127	2532.0
127	2533.0
127	2534.0
127	2535.0
127	2536.0
127	2537.0
127	2538.0
127	2539.0
127	2540.0
127	2541.0
127	2542.0
127	2543.0
127	2544.0
127	2545.0
127	2546.0
127	2547.0
127	2548.0
127	2549.0
127	2550.0
127	2551.0
127	2552.0
127	2553.0
127	2554.0
127	2555.0
127	2556.0
127	2557.0
127	2558.0
127	2559.0
127	2560.0
127	2561.0
127	2562.0
127	2563.0
127	2564.0
127	2565.0
127	2566.0
127	2567.0
127	2568.0
127	2569.0
127	2570.0
127	2571.0
127	2572.0
127	2573.0
127	2574.0
127	2575.0
127	2576.0
127	2577.0
127	2578.0
127	2579.0
127	2580.0
127	2581.0
127	2582.0
127	2583.0
127	2584.0
127	2585.0
127	2586.0
127	2587.0
127	2588.0
127	2589.0
127	2590.0
127	2591.0
127	2592.0
127	2593.0
127	2594.0
127	2595.0
127	2596.0
127	2597.0
127	2598.0
127	2599.0
127	2600.0
127	2601.0
127	2602.0
127	2603.0
127	2604.0
127	2605.0
127	2606.0
127	2607.0
127	2608.0
127	2609.0
127	2610.0
127	2611.0
127	2612.0
127	2613.0
127	2614.0
127	2615.0
127	2616.0
127	2617.0
127	2618.0
127	2619.0
127	2620.0
127	2621.0
127	2622.0
127	2623.0
127	2624.0
127	2625.0
127	2626.0
127	2627.0
127	2628.0
127	2629.0
127	2630.0
127	2631.0
127	2632.0
127	2633.0
127	2634.0
127	2635.0
127	2636.0
127	2637.0
127	2638.0
127	2639.0
127	2640.0
127	2641.0
127	2642.0
127	2643.0
127	2644.0
127	2645.0
127	2646.0
127	2647.0
127	2648.0
127	2649.0
127	2650.0
127	2651.0
127	2652.0
127	2653.0
127	2654.0
127	2655.0
127	2656.0
127	2657.0
127	2658.0
127	2659.0
127	2660.0
127	2661.0
127	2662.0
127	2663.0
127	2664.0
127	2665.0
127	2666.0
127	2667.0
127	2668.0
127	2669.0
127	2670.0
127	2671.0
127	2672.0
127	2673.0
127	2674.0
127	2675.0
127	2676.0
127	2677.0
127	2678.0
127	2679.0
127	2680.0
127	2681.0
127	2682.0
127	2683.0
127	2684.0
127	2685.0
127	2686.0
127	2687.0
127	2688.0
127	2689.0
127	2690.0
127	2691.0
127	2692.0
127	2693.0
127	2694.0
127	2695.0
127	2696.0
127	2697.0
127	2698.0
127	2699.0
127	2700.0
127	2701.0
127	2702.0
127	2703.0
127	2704.0
127	2705.0
127	2706.0
127	2707.0
127	2708.0
127	2709.0
127	2710.0
127	2711.0
127	2712.0
127	2713.0
127	2714.0
127	2715.0
127	2716.0
127	2717.0
127	2718.0
127	2719.0
127	2720.0
127	2721.0
127	2722.0
127	2723.0
127	2724.0
127	2725.0
127	2726.0
127	2727.0
127	2728.0
127	2729.0
127	2730.0
127	2731.0
127	2732.0
127	2733.0
127	2734.0
127	2735.0
127	2736.0
127	2737.0
127	2738.0
127	2739.0
127	2740.0
127	2741.0
127	2742.0
127	2743.0
127	2744.0
127	2745.0
127	2746.0
127	2747.0
127	2748.0
127	2749.0
127	2750.0
127	2751.0
127	2752.0
127	2753.0
127	2754.0
127	2755.0
127	2756.0
127	2757.0
127	2758.0
127	2759.0
127	2760.0
127	2761.0
127	2762.0
127	2763.0
127	2764.0
127	2765.0
127	2766.0
127	2767.0
127	2768.0
127	2769.0
127	2770.0
127	2771.0
127	2772.0
127	2773.0
127	2774.0
127	2775.0
127	2776.0
127	2777.0
127	2778.0
127	2779.0
127	2780.0
127	2781.0
127	2782.0
127	2783.0
127	2784.0
127	2785.0
127	2786.0
127	2787.0
127	2788.0
127	2789.0
127	2790.0
127	2791.0
127	2792.0
127	2793.0
127	2794.0
127	2795.0
127	2796.0
127	2797.0
127	2798.0
127	2799.0
127	2800.0
127	2801.0
127	2802.0
127	2803.0
127	2804.0
127	2805.0
127	2806.0
127	2807.0
127	2808.0
127	2809.0
127	2810.0
127	2811.0
127	2812.0
127	2813.0
127	2814.0
127	2815.0
127	2816.0
127	2817.0
127	2818.0
127	2819.0
127	2820.0
127	2821.0
127	2822.0
127	2823.0
127	2824.0
127	2825.0
127	2826.0
127	2827.0
127	2828.0
127	2829.0
127	2830.0
127	2831.0
127	2832.0
127	2833.0
127	2834.0
127	2835.0
127	2836.0
127	2837.0
127	2838.0
127	2839.0
127	2840.0
127	2841.0
127	2842.0
127	2843.0
127	2844.0
127	2845.0
127	2846.0
127	2847.0
127	2848.0
127	2849.0
127	2850.0
127	2851.0
127	2852.0
127	2853.0
127	2854.0
127	2855.0
127	2856.0
127	2857.0
127	2858.0
127	2859.0
127	2860.0
127	2861.0
127	2862.0
127	2863.0
127	2864.0
127	2865.0
127	2866.0
127	2867.0
127	2868.0
127	2869.0
127	2870.0
127	2871.0
127	2872.0
127	2873.0
127	2874.0
127	2875.0
127	2876.0
127	2877.0
127	2878.0
127	2879.0
127	2880.0
127	2881.0
127	2882.0
127	2883.0
127	2884.0
127	2885.0
127	2886.0
127	2887.0
127	2888.0
127	2889.0
127	2890.0
127	2891.0
127	2892.0
127	2893.0
127	2894.0
127	2895.0
127	2896.0
127	2897.0
127	2898.0
129	2899.0
127	2900.0
129	2901.0
129	2902.0
127	2903.0
127	2904.0
127	2905.0
127	2906.0
127	2907.0
127	2908.0
129	2909.0
127	2910.0
127	2911.0
127	2912.0
127	2913.0
127	2914.0
127	2915.0
127	2916.0
127	2917.0
127	2918.0
127	2919.0
127	2920.0
127	2921.0
127	2922.0
127	2923.0
127	2924.0
127	2925.0
127	2926.0
127	2927.0
127	2928.0
127	2929.0
127	2930.0
127	2931.0
127	2932.0
127	2933.0
127	2934.0
127	2935.0
127	2936.0
127	2937.0
127	2938.0
127	2939.0
127	2940.0
127	2941.0
127	2942.0
127	2943.0
127	2944.0
127	2945.0
120	2946.0
127	2947.0
126	2947.0
120	2948.0
127	2949.0
132	2950.0
132	2951.0
132	2952.0
132	2953.0
132	2954.0
132	2955.0
127	2956.0
73	2957.0
132	2958.0
135	2959.0
132	2960.0
132	2961.0
132	2962.0
132	2963.0
132	2964.0
132	2965.0
132	2966.0
132	2967.0
132	2968.0
132	2969.0
132	2970.0
127	2971.0
127	2972.0
127	2973.0
132	2974.0
62	2975.0
132	2976.0
132	2977.0
62	2978.0
127	2979.0
127	2980.0
130	2981.0
127	2982.0
127	2983.0
127	2984.0
127	2985.0
127	2986.0
127	2987.0
127	2988.0
130	2989.0
129	2990.0
132	2991.0
129	2992.0
130	2993.0
138	2994.0
127	2995.0
126	2995.0
132	2996.0
129	2997.0
129	2998.0
129	2999.0
124	3000.0
78	3001.0
78	3002.0
129	3003.0
129	3004.0
129	3005.0
132	3006.0
89	3007.0
131	3008.0
131	3009.0
120	3010.0
72	3011.0
72	3012.0
134	3013.0
134	3014.0
134	3015.0
134	3016.0
134	3017.0
134	3018.0
134	3019.0
134	3020.0
127	3021.0
127	3022.0
127	3023.0
127	3024.0
127	3025.0
127	3026.0
127	3027.0
127	3028.0
127	3029.0
127	3030.0
127	3031.0
127	3032.0
127	3033.0
127	3034.0
127	3035.0
127	3036.0
127	3037.0
127	3038.0
127	3039.0
127	3040.0
127	3041.0
127	3042.0
126	3042.0
126	3043.0
127	3044.0
132	3045.0
127	3045.0
127	3046.0
129	3047.0
127	3048.0
127	3049.0
127	3050.0
127	3051.0
127	3052.0
127	3053.0
127	3054.0
127	3055.0
127	3056.0
127	3057.0
127	3058.0
127	3059.0
127	3060.0
127	3061.0
127	3062.0
127	3063.0
127	3064.0
127	3065.0
127	3066.0
127	3067.0
127	3068.0
127	3069.0
127	3070.0
127	3071.0
127	3072.0
129	3073.0
127	3074.0
127	3075.0
127	3076.0
127	3077.0
127	3078.0
127	3079.0
127	3080.0
127	3081.0
127	3082.0
127	3083.0
127	3084.0
127	3085.0
127	3086.0
127	3087.0
127	3088.0
127	3089.0
127	3090.0
127	3091.0
127	3092.0
127	3093.0
127	3094.0
127	3095.0
127	3096.0
127	3097.0
127	3098.0
129	3099.0
127	3100.0
127	3101.0
127	3102.0
127	3103.0
127	3104.0
127	3105.0
129	3106.0
132	3107.0
129	3108.0
73	3109.0
73	3110.0
73	3111.0
73	3112.0
73	3113.0
73	3114.0
73	3115.0
73	3116.0
73	3117.0
73	3118.0
73	3119.0
73	3120.0
71	3121.0
127	3122.0
127	3123.0
127	3124.0
127	3125.0
127	3126.0
127	3127.0
127	3128.0
127	3129.0
127	3130.0
127	3131.0
127	3132.0
127	3133.0
127	3134.0
127	3135.0
127	3136.0
127	3137.0
127	3138.0
127	3139.0
127	3140.0
127	3141.0
127	3142.0
127	3143.0
65	3144.0
132	3145.0
132	3146.0
132	3147.0
132	3148.0
132	3149.0
132	3150.0
132	3151.0
132	3152.0
132	3153.0
132	3154.0
132	3155.0
132	3156.0
132	3157.0
132	3158.0
132	3159.0
132	3160.0
132	3161.0
132	3162.0
132	3163.0
129	3164.0
57	3165.0
56	3166.0
56	3167.0
56	3168.0
56	3169.0
129	3170.0
73	3171.0
73	3172.0
73	3173.0
73	3174.0
73	3175.0
73	3176.0
73	3177.0
73	3178.0
73	3179.0
73	3180.0
73	3181.0
73	3182.0
73	3183.0
73	3184.0
73	3185.0
73	3186.0
73	3187.0
73	3188.0
73	3189.0
65	3190.0
65	3191.0
65	3192.0
65	3193.0
65	3194.0
65	3195.0
65	3196.0
65	3197.0
65	3198.0
65	3199.0
73	3200.0
73	3201.0
73	3202.0
65	3203.0
65	3204.0
73	3205.0
73	3206.0
73	3207.0
73	3208.0
73	3209.0
73	3210.0
73	3211.0
73	3212.0
73	3213.0
73	3214.0
73	3215.0
73	3216.0
73	3217.0
73	3218.0
73	3219.0
73	3220.0
73	3221.0
73	3222.0
73	3223.0
73	3224.0
73	3225.0
73	3226.0
73	3227.0
73	3228.0
73	3229.0
73	3230.0
73	3231.0
73	3232.0
73	3233.0
73	3234.0
73	3235.0
73	3236.0
73	3237.0
73	3238.0
73	3239.0
73	3240.0
73	3241.0
73	3242.0
73	3243.0
73	3244.0
73	3245.0
73	3246.0
73	3247.0
73	3248.0
73	3249.0
73	3250.0
73	3251.0
73	3252.0
73	3253.0
73	3254.0
73	3255.0
73	3256.0
73	3257.0
73	3258.0
73	3259.0
73	3260.0
73	3261.0
73	3262.0
73	3263.0
73	3264.0
73	3265.0
73	3266.0
73	3267.0
73	3268.0
73	3269.0
73	3270.0
73	3271.0
73	3272.0
73	3273.0
73	3274.0
73	3275.0
73	3276.0
73	3277.0
73	3278.0
73	3279.0
73	3280.0
73	3281.0
73	3282.0
73	3283.0
73	3284.0
73	3285.0
73	3286.0
73	3287.0
73	3288.0
73	3289.0
73	3290.0
73	3291.0
73	3292.0
73	3293.0
73	3294.0
65	3295.0
72	3296.0
73	3297.0
73	3298.0
73	3299.0
73	3300.0
73	3301.0
73	3302.0
73	3303.0
73	3304.0
73	3305.0
73	3306.0
73	3307.0
73	3308.0
73	3309.0
73	3310.0
73	3311.0
73	3312.0
73	3313.0
73	3314.0
73	3315.0
73	3316.0
73	3317.0
73	3318.0
73	3319.0
73	3320.0
73	3321.0
73	3322.0
73	3323.0
73	3324.0
73	3325.0
73	3326.0
63	3327.0
63	3328.0
73	3329.0
73	3330.0
71	3331.0
73	3332.0
73	3333.0
73	3334.0
73	3335.0
73	3336.0
73	3337.0
73	3338.0
73	3339.0
73	3340.0
73	3341.0
73	3342.0
73	3343.0
73	3344.0
73	3345.0
73	3346.0
73	3347.0
73	3348.0
73	3349.0
73	3350.0
73	3351.0
73	3352.0
73	3353.0
73	3354.0
73	3355.0
73	3356.0
73	3357.0
73	3358.0
73	3359.0
73	3360.0
73	3361.0
73	3362.0
73	3363.0
73	3364.0
73	3365.0
73	3366.0
73	3367.0
73	3368.0
73	3369.0
89	3370.0
89	3371.0
89	3372.0
89	3373.0
89	3374.0
89	3375.0
89	3376.0
89	3377.0
89	3378.0
89	3379.0
89	3380.0
89	3381.0
89	3382.0
89	3383.0
89	3384.0
89	3385.0
89	3386.0
89	3387.0
89	3388.0
89	3389.0
89	3390.0
89	3391.0
89	3392.0
89	3393.0
89	3394.0
89	3395.0
89	3396.0
89	3397.0
89	3398.0
56	3399.0
56	3400.0
60	3401.0
60	3402.0
60	3403.0
104	3404.0
104	3405.0
104	3406.0
160	3407.0
160	3408.0
160	3409.0
160	3410.0
160	3411.0
160	3412.0
160	3413.0
160	3414.0
160	3415.0
160	3416.0
160	3417.0
160	3418.0
160	3419.0
160	3420.0
160	3421.0
160	3422.0
160	3423.0
160	3424.0
160	3425.0
160	3426.0
160	3427.0
160	3428.0
160	3429.0
160	3430.0
160	3431.0
160	3432.0
160	3433.0
160	3434.0
160	3435.0
160	3436.0
160	3437.0
160	3438.0
160	3439.0
160	3440.0
160	3441.0
160	3442.0
160	3443.0
160	3444.0
160	3445.0
160	3446.0
160	3447.0
160	3448.0
160	3449.0
160	3450.0
160	3451.0
160	3452.0
160	3453.0
160	3454.0
160	3455.0
160	3456.0
160	3457.0
160	3458.0
160	3459.0
160	3460.0
160	3461.0
160	3462.0
160	3463.0
160	3464.0
159	3465.0
160	3466.0
160	3467.0
160	3468.0
160	3469.0
160	3470.0
160	3471.0
160	3472.0
160	3473.0
160	3474.0
160	3475.0
160	3476.0
160	3477.0
160	3478.0
160	3479.0
160	3480.0
160	3481.0
160	3482.0
160	3483.0
160	3484.0
160	3485.0
160	3486.0
160	3487.0
160	3488.0
160	3489.0
160	3490.0
160	3491.0
160	3492.0
160	3493.0
160	3494.0
160	3495.0
160	3496.0
160	3497.0
160	3498.0
160	3499.0
160	3500.0
160	3501.0
160	3502.0
160	3503.0
160	3504.0
160	3505.0
160	3506.0
160	3507.0
160	3508.0
160	3509.0
160	3510.0
160	3511.0
160	3512.0
160	3513.0
160	3514.0
160	3515.0
160	3516.0
160	3517.0
160	3518.0
160	3519.0
160	3520.0
160	3521.0
160	3522.0
160	3523.0
160	3524.0
160	3525.0
160	3526.0
160	3527.0
152	3528.0
124	3529.0
0	3530.0
155	3531.0
155	3532.0
155	3533.0
155	3534.0
155	3535.0
155	3536.0
155	3537.0
155	3538.0
155	3539.0
155	3540.0
155	3541.0
155	3542.0
155	3543.0
155	3544.0
155	3545.0
155	3546.0
155	3547.0
155	3548.0
90	3549.0
90	3550.0
90	3551.0
90	3552.0
90	3553.0
90	3554.0
90	3555.0
90	3556.0
90	3557.0
90	3558.0
90	3559.0
90	3560.0
90	3561.0
90	3562.0
90	3563.0
90	3564.0
90	3565.0
90	3566.0
90	3567.0
90	3568.0
90	3569.0
90	3570.0
90	3571.0
90	3572.0
90	3573.0
63	3574.0
63	3575.0
63	3576.0
63	3577.0
63	3578.0
63	3579.0
63	3580.0
63	3581.0
63	3582.0
63	3583.0
63	3584.0
63	3585.0
63	3586.0
63	3587.0
63	3588.0
63	3589.0
63	3590.0
63	3591.0
63	3592.0
63	3593.0
63	3594.0
63	3595.0
63	3596.0
63	3597.0
63	3598.0
63	3599.0
63	3600.0
63	3601.0
63	3602.0
63	3603.0
63	3604.0
63	3605.0
63	3606.0
63	3607.0
63	3608.0
63	3609.0
63	3610.0
63	3611.0
63	3612.0
63	3613.0
63	3614.0
63	3615.0
63	3616.0
63	3617.0
63	3618.0
63	3619.0
63	3620.0
63	3621.0
63	3622.0
63	3623.0
63	3624.0
63	3625.0
63	3626.0
63	3627.0
63	3628.0
63	3629.0
63	3630.0
63	3631.0
63	3632.0
63	3633.0
63	3634.0
63	3635.0
63	3636.0
63	3637.0
63	3638.0
63	3639.0
63	3640.0
63	3641.0
63	3642.0
63	3643.0
63	3644.0
63	3645.0
63	3646.0
63	3647.0
63	3648.0
63	3649.0
63	3650.0
63	3651.0
63	3652.0
63	3653.0
63	3654.0
63	3655.0
63	3656.0
63	3657.0
63	3658.0
63	3659.0
63	3660.0
63	3661.0
63	3662.0
63	3663.0
63	3664.0
63	3665.0
63	3666.0
63	3667.0
63	3668.0
63	3669.0
63	3670.0
63	3671.0
63	3672.0
63	3673.0
63	3674.0
63	3675.0
63	3676.0
63	3677.0
63	3678.0
63	3679.0
63	3680.0
63	3681.0
63	3682.0
63	3683.0
63	3684.0
63	3685.0
63	3686.0
63	3687.0
63	3688.0
63	3689.0
63	3690.0
63	3691.0
63	3692.0
63	3693.0
63	3694.0
63	3695.0
63	3696.0
63	3697.0
63	3698.0
63	3699.0
63	3700.0
63	3701.0
63	3702.0
63	3703.0
63	3704.0
63	3705.0
63	3706.0
63	3707.0
63	3708.0
63	3709.0
63	3710.0
63	3711.0
63	3712.0
63	3713.0
63	3714.0
63	3715.0
63	3716.0
63	3717.0
63	3718.0
63	3719.0
63	3720.0
63	3721.0
63	3722.0
63	3723.0
63	3724.0
63	3725.0
63	3726.0
63	3727.0
63	3728.0
63	3729.0
63	3730.0
63	3731.0
63	3732.0
63	3733.0
63	3734.0
63	3735.0
63	3736.0
63	3737.0
63	3738.0
63	3739.0
63	3740.0
63	3741.0
63	3742.0
63	3743.0
63	3744.0
63	3745.0
63	3746.0
63	3747.0
63	3748.0
63	3749.0
63	3750.0
63	3751.0
56	3752.0
56	3753.0
56	3754.0
56	3755.0
47	3756.0
46	3757.0
46	3758.0
46	3759.0
53	3760.0
