protein_id	protein_length
0	3687
1	211
2	334
3	671
4	536
5	198
6	274
7	101
8	304
9	568
10	492
11	98
12	415
13	427
14	530
15	1087
16	318
17	597
18	560
19	155
20	158
21	535
22	131
23	262
24	233
25	407
26	537
27	376
28	128
29	319
30	324
31	126
32	312
33	542
34	766
35	236
36	373
37	388
38	369
39	388
40	301
41	117
42	126
43	189
44	187
45	98
46	405
47	370
48	321
49	349
50	324
51	160
52	599
53	518
54	171
55	365
56	347
57	620
58	389
59	198
60	190
61	387
62	338
63	175
64	630
65	189
66	367
67	125
68	271
69	408
70	265
71	1014
72	191
73	391
74	293
75	134
76	221
77	2830
78	202
79	273
80	305
81	322
82	109
83	224
84	353
85	120
86	323
87	215
88	116
89	343
90	261
91	117
92	153
93	162
94	475
95	440
96	187
97	445
98	79
99	226
100	209
101	556
102	1070
103	105
104	385
105	175
106	168
107	110
108	925
109	220
110	1058
111	103
112	192
113	454
114	250
115	261
116	538
117	309
118	387
119	385
120	85
121	104
122	563
123	128
124	138
125	751
126	391
127	172
128	324
129	149
130	159
131	192
132	275
133	144
134	326
135	268
136	820
137	344
138	78
139	195
140	101
141	138
142	556
143	561
144	236
145	564
146	163
147	293
148	276
149	342
150	141
151	507
152	121
153	128
154	534
155	303
156	85
157	128
158	403
159	252
160	625
161	182
162	1205
163	148
164	318
165	175
166	392
167	356
168	310
169	551
170	270
171	170
172	157
173	646
174	353
175	311
176	107
177	247
178	434
179	176
180	348
181	155
182	239
183	173
184	403
185	585
186	540
187	190
188	132
189	262
190	158
191	625
192	293
193	282
194	319
195	240
196	339
197	622
198	205
199	110
200	228
201	171
202	231
203	109
204	1455
205	270
206	183
207	94
208	250
209	457
210	156
211	619
212	626
213	846
214	223
215	150
216	234
217	213
218	872
219	605
220	378
221	177
222	657
223	314
224	169
225	195
226	272
227	329
228	546
229	470
230	304
231	389
232	322
233	335
234	308
235	167
236	494
237	254
238	142
239	145
240	507
241	645
242	365
243	372
244	130
245	478
246	392
247	394
248	470
249	102
250	388
251	413
252	406
253	428
254	607
255	282
256	167
257	268
258	159
259	519
260	354
261	120
262	274
263	171
264	126
265	185
266	206
267	158
268	263
269	522
270	677
271	255
272	162
273	413
274	809
275	364
276	156
277	325
278	355
279	402
280	460
281	269
282	64
283	159
284	524
285	679
286	698
287	693
288	505
289	196
290	495
291	160
292	257
293	507
294	322
295	288
296	513
297	302
298	268
299	295
300	540
301	224
302	235
303	260
304	423
305	581
306	385
307	408
308	462
309	111
310	242
311	205
312	352
313	176
314	129
315	208
316	155
317	130
318	395
319	196
320	101
321	145
322	156
323	127
324	472
325	127
326	289
327	127
328	166
329	317
330	574
331	139
332	339
333	772
334	196
335	111
336	353
337	243
338	154
339	328
340	170
341	66
342	642
343	226
344	299
345	747
346	320
347	269
348	244
349	269
350	402
351	303
352	507
353	252
354	463
355	510
356	559
357	341
358	206
359	623
360	800
361	464
362	147
363	120
364	256
365	132
366	544
367	245
368	255
369	568
370	296
371	95
372	302
373	172
374	218
375	184
376	137
377	235
378	571
379	387
380	117
381	594
382	215
383	192
384	148
385	534
386	423
387	738
388	249
389	216
390	347
391	66
392	294
393	392
394	417
395	192
396	146
397	260
398	256
399	260
400	391
401	331
402	626
403	245
404	285
405	704
406	279
407	144
408	295
409	278
410	123
411	172
412	146
413	778
414	183
415	342
416	916
417	244
418	355
419	191
420	113
421	274
422	416
423	1111
424	106
425	636
426	197
427	171
428	284
429	297
430	122
431	132
432	231
433	417
434	272
435	461
436	415
437	305
438	463
439	199
440	218
441	451
442	320
443	620
444	302
445	275
446	181
447	538
448	239
449	202
450	222
451	612
452	529
453	324
454	940
455	421
456	713
457	303
458	174
459	191
460	185
461	209
462	177
463	533
464	248
465	187
466	315
467	423
468	256
469	312
470	472
471	413
472	106
473	300
474	132
475	272
476	202
477	716
478	317
479	158
480	835
481	195
482	480
483	681
484	849
485	154
486	173
487	308
488	229
489	181
490	246
491	397
492	976
493	238
494	154
495	283
496	316
497	304
498	934
499	279
500	128
501	412
502	111
503	170
504	151
505	215
506	163
507	94
508	199
509	279
510	161
511	88
512	136
513	1180
514	199
515	269
516	864
517	283
518	269
519	89
520	541
521	4845
522	284
523	194
524	857
525	1185
526	147
527	391
528	283
529	190
530	143
531	465
532	206
533	75
534	380
535	171
536	398
537	177
538	344
539	272
540	141
541	391
542	395
543	241
544	311
545	923
546	552
547	380
548	130
549	512
550	380
551	567
552	1129
553	497
554	188
555	151
556	756
557	1165
558	173
559	477
560	240
561	624
562	314
563	377
564	561
565	357
566	451
567	115
568	226
569	320
570	194
571	231
572	472
573	449
574	278
575	351
576	758
577	180
578	740
579	187
580	280
581	135
582	88
583	292
584	154
585	246
586	171
587	292
588	146
589	38
590	104
591	61
592	95
593	201
594	318
595	173
596	199
597	107
598	98
599	150
600	313
601	607
602	132
603	427
604	430
605	346
606	358
607	318
608	467
609	630
610	80
611	268
612	90
613	59
614	173
615	237
616	98
617	86
618	179
619	427
620	368
621	118
622	164
623	267
624	468
625	319
626	64
627	116
628	80
629	351
630	166
631	145
632	148
633	434
634	207
635	275
636	486
637	189
638	110
639	134
640	130
641	97
642	63
643	96
644	71
645	120
646	89
647	223
648	88
649	196
650	94
651	183
652	89
653	409
654	195
655	80
656	124
657	252
658	75
659	71
660	108
661	72
662	62
663	156
664	116
665	59
666	124
667	78
668	89
669	49
670	71
671	66
672	70
673	124
674	366
675	219
676	111
677	82
678	103
679	202
680	179
681	99
682	287
683	196
684	162
685	623
686	337
687	100
688	436
689	99
690	304
691	92
692	127
693	132
694	97
695	258
696	416
697	156
698	290
699	83
700	338
701	287
702	95
703	87
704	138
705	247
706	189
707	114
708	76
709	337
710	265
711	111
712	241
713	237
714	369
715	366
716	113
717	140
718	65
719	156
720	97
721	491
722	399
723	91
724	81
725	76
726	155
727	121
728	163
729	352
730	238
731	147
732	193
733	75
734	99
735	484
736	158
737	500
738	250
739	1147
740	894
741	589
742	2361
743	500
744	384
745	305
746	95
747	156
748	267
749	120
750	74
751	92
752	83
753	61
754	90
755	97
756	77
757	83
758	353
759	85
760	95
761	150
762	92
763	60
764	110
765	114
766	86
767	104
768	80
769	99
770	88
771	45
772	92
773	60
774	121
775	104
776	77
777	572
778	69
779	89
780	192
781	150
782	108
783	178
784	118
785	132
786	69
787	282
788	256
789	338
790	82
791	60
792	296
793	120
794	236
795	59
796	68
797	116
798	462
799	61
800	189
801	191
802	164
803	115
804	235
805	215
806	238
807	1205
808	145
809	159
810	148
811	501
812	774
813	417
814	389
815	97
816	109
817	377
818	62
819	263
820	281
821	76
822	103
823	423
824	234
825	402
826	386
827	125
828	108
829	105
830	102
831	192
832	288
833	100
834	363
835	123
836	62
837	107
838	308
839	64
840	66
841	103
842	64
843	482
844	249
845	113
846	107
847	89
848	130
849	149
850	102
851	59
852	249
853	67
854	97
855	325
856	123
857	290
858	157
859	356
860	120
861	163
862	151
863	169
864	426
865	59
866	303
867	121
868	405
869	78
870	238
871	152
872	248
873	469
874	171
875	146
876	352
877	185
878	69
879	68
880	234
881	597
882	397
883	188
884	125
885	61
886	141
887	490
888	72
889	902
890	74
891	170
892	106
893	114
894	814
895	494
896	209
897	453
898	195
899	562
900	1459
901	80
902	102
903	243
904	276
905	199
906	1484
907	296
908	348
909	310
910	234
911	296
912	551
913	202
914	443
915	241
916	426
917	371
918	230
919	81
920	222
921	124
922	275
923	118
924	125
925	165
926	69
927	62
928	120
929	89
930	103
931	92
932	580
933	687
934	131
935	226
936	265
937	163
938	468
939	483
940	98
941	139
942	188
943	256
944	201
945	202
946	385
947	590
948	419
949	416
950	59
951	307
952	705
953	243
954	138
955	231
956	282
957	105
958	115
959	69
960	260
961	103
962	354
963	205
964	226
965	70
966	98
967	345
968	451
969	280
970	319
971	285
972	349
973	273
974	298
975	330
976	238
977	650
978	601
979	108
980	435
981	87
982	140
983	256
984	147
985	287
986	353
987	241
988	405
989	186
990	80
991	296
992	185
993	88
994	576
995	105
996	62
997	170
998	142
999	194
1000	390
1001	567
1002	414
1003	169
1004	311
1005	476
1006	214
1007	59
1008	123
1009	433
1010	180
1011	732
1012	140
1013	328
1014	98
1015	307
1016	164
1017	257
1018	401
1019	221
1020	368
1021	510
1022	453
1023	263
1024	1213
1025	199
1026	207
1027	106
1028	462
1029	226
1030	186
1031	612
1032	149
1033	116
1034	65
1035	79
1036	184
1037	514
1038	386
1039	334
1040	125
1041	381
1042	133
1043	1151
1044	361
1045	175
1046	81
1047	214
1048	212
1049	350
1050	129
1051	386
1052	171
1053	92
1054	150
1055	81
1056	107
1057	482
1058	273
1059	336
1060	140
1061	297
1062	139
1063	335
1064	133
1065	75
1066	348
1067	165
1068	284
1069	127
1070	1015
1071	617
1072	178
1073	442
1074	253
1075	591
1076	368
1077	360
1078	263
1079	454
1080	436
1081	303
1082	88
1083	113
1084	282
1085	297
1086	130
1087	100
1088	512
1089	230
1090	499
1091	247
1092	277
1093	357
1094	452
1095	111
1096	141
1097	135
1098	61
1099	129
1100	120
1101	183
1102	386
1103	558
1104	158
1105	346
1106	180
1107	451
1108	573
1109	196
1110	135
1111	306
1112	375
1113	383
1114	82
1115	245
1116	395
1117	141
1118	323
1119	908
1120	903
1121	646
1122	224
1123	438
1124	406
1125	85
1126	142
1127	221
1128	398
1129	313
1130	215
1131	283
1132	131
1133	141
1134	316
1135	581
1136	244
1137	115
1138	150
1139	111
1140	261
1141	490
1142	625
1143	192
1144	101
1145	173
1146	100
1147	290
1148	213
1149	169
1150	190
1151	92
1152	281
1153	280
1154	209
1155	354
1156	263
1157	698
1158	79
1159	552
1160	315
1161	73
1162	402
1163	240
1164	101
1165	495
1166	325
1167	59
1168	60
1169	221
1170	539
1171	457
1172	182
1173	338
1174	279
1175	404
1176	279
1177	89
1178	258
1179	229
1180	549
1181	473
1182	515
1183	150
1184	181
1185	63
1186	378
1187	154
1188	63
1189	67
1190	298
1191	237
1192	239
1193	290
1194	655
1195	136
1196	273
1197	291
1198	290
1199	286
1200	174
1201	929
1202	319
1203	450
1204	82
1205	141
1206	84
1207	400
1208	60
1209	186
1210	580
1211	541
1212	95
1213	381
1214	244
1215	325
1216	386
1217	482
1218	195
1219	133
1220	68
1221	721
1222	94
1223	475
1224	376
1225	132
1226	193
1227	222
1228	222
1229	132
1230	156
1231	104
1232	132
1233	239
1234	201
1235	696
1236	233
1237	172
1238	383
1239	108
1240	167
1241	147
1242	123
1243	302
1244	233
1245	105
1246	92
1247	345
1248	218
1249	244
1250	148
1251	72
1252	98
1253	60
1254	115
1255	355
1256	586
1257	164
1258	68
1259	196
1260	571
1261	339
1262	222
1263	266
1264	353
1265	256
1266	386
1267	114
1268	385
1269	289
1270	486
1271	352
1272	215
1273	150
1274	63
1275	70
1276	202
1277	447
1278	408
1279	294
1280	222
1281	402
1282	115
1283	245
1284	756
1285	82
1286	133
1287	71
1288	233
1289	405
1290	340
1291	723
1292	181
1293	277
1294	340
1295	245
1296	436
1297	247
1298	95
1299	116
1300	371
1301	112
1302	93
1303	181
1304	147
1305	63
1306	256
1307	320
1308	272
1309	227
1310	294
1311	610
1312	334
1313	403
1314	155
1315	461
1316	410
1317	216
1318	261
1319	201
1320	315
1321	112
1322	372
1323	96
1324	182
1325	336
1326	206
1327	168
1328	276
1329	174
1330	77
1331	537
1332	200
1333	119
1334	191
1335	452
1336	150
1337	294
1338	186
1339	298
1340	329
1341	418
1342	391
1343	103
1344	167
1345	187
1346	183
1347	415
1348	318
1349	135
1350	402
1351	172
1352	76
1353	154
1354	194
1355	183
1356	207
1357	202
1358	101
1359	128
1360	484
1361	143
1362	383
1363	278
1364	149
1365	408
1366	378
1367	528
1368	80
1369	432
1370	143
1371	242
1372	375
1373	261
1374	199
1375	337
1376	468
1377	138
1378	313
1379	526
1380	107
1381	219
1382	69
1383	322
1384	162
1385	495
1386	322
1387	223
1388	222
1389	139
1390	59
1391	74
1392	434
1393	337
1394	67
1395	290
1396	378
1397	399
1398	1010
1399	282
1400	157
1401	405
1402	323
1403	223
1404	194
1405	214
1406	358
1407	356
1408	252
1409	303
1410	82
1411	173
1412	172
1413	99
1414	75
1415	178
1416	70
1417	81
1418	100
1419	443
1420	321
1421	218
1422	536
1423	235
1424	126
1425	165
1426	192
1427	226
1428	98
1429	60
1430	158
1431	420
1432	610
1433	182
1434	411
1435	274
1436	156
1437	182
1438	222
1439	217
1440	246
1441	164
1442	634
1443	211
1444	192
1445	73
1446	158
1447	120
1448	290
1449	210
1450	236
1451	250
1452	194
1453	77
1454	277
1455	193
1456	253
1457	190
1458	432
1459	391
1460	228
1461	235
1462	565
1463	268
1464	287
1465	443
1466	291
1467	483
1468	274
1469	82
1470	129
1471	90
1472	345
1473	333
1474	55
1475	244
1476	143
1477	73
1478	99
1479	196
1480	197
1481	180
1482	598
1483	131
1484	477
1485	418
1486	382
1487	294
1488	99
1489	226
1490	160
1491	99
1492	138
1493	168
1494	370
1495	252
1496	472
1497	379
1498	234
1499	66
1500	131
1501	239
1502	260
1503	458
1504	141
1505	220
1506	401
1507	331
1508	323
1509	893
1510	357
1511	132
1512	109
1513	407
1514	182
1515	381
1516	461
1517	382
1518	66
1519	368
1520	284
1521	63
1522	188
1523	185
1524	185
1525	226
1526	91
1527	267
1528	145
1529	240
1530	346
1531	321
1532	137
1533	114
1534	255
1535	225
1536	458
1537	325
1538	409
1539	436
1540	51
1541	105
1542	320
1543	659
1544	289
1545	192
1546	247
1547	136
1548	182
1549	112
1550	64
1551	286
1552	213
1553	361
1554	145
1555	64
1556	171
1557	437
1558	661
1559	197
1560	343
1561	145
1562	223
1563	64
1564	303
1565	315
1566	139
1567	280
1568	194
1569	162
1570	425
1571	664
1572	216
1573	112
1574	144
1575	434
1576	144
1577	75
1578	329
1579	474
1580	228
1581	179
1582	133
1583	162
1584	173
1585	191
1586	203
1587	205
1588	362
1589	268
1590	201
1591	159
1592	392
1593	167
1594	272
1595	95
1596	143
1597	77
1598	125
1599	137
1600	194
1601	111
1602	237
1603	235
1604	94
1605	413
1606	66
1607	309
1608	249
1609	63
1610	186
1611	177
1612	112
1613	139
1614	327
1615	64
1616	248
1617	225
1618	218
1619	580
1620	80
1621	117
1622	254
1623	337
1624	127
1625	550
1626	136
1627	633
1628	183
1629	122
1630	167
1631	410
1632	98
1633	98
1634	374
1635	77
1636	56
1637	94
1638	276
1639	254
1640	145
1641	143
1642	334
1643	600
1644	123
1645	399
1646	175
1647	614
1648	256
1649	541
1650	441
1651	283
1652	65
1653	597
1654	629
1655	559
1656	65
1657	524
1658	299
1659	254
1660	137
1661	181
1662	63
1663	140
1664	69
1665	78
1666	105
1667	147
1668	65
1669	300
1670	133
1671	331
1672	564
1673	141
1674	534
1675	425
1676	69
1677	178
1678	88
1679	191
1680	157
1681	243
1682	75
1683	157
1684	497
1685	431
1686	418
1687	205
1688	131
1689	104
1690	246
1691	490
1692	77
1693	195
1694	417
1695	79
1696	224
1697	211
1698	256
1699	432
1700	82
1701	397
1702	190
1703	451
1704	118
1705	105
1706	207
1707	65
1708	214
1709	284
1710	150
1711	94
1712	437
1713	282
1714	391
1715	167
1716	326
1717	216
1718	112
1719	170
1720	156
1721	135
1722	341
1723	410
1724	268
1725	143
1726	166
1727	306
1728	113
1729	228
1730	402
1731	301
1732	117
1733	282
1734	66
1735	313
1736	384
1737	87
1738	350
1739	250
1740	160
1741	320
1742	320
1743	320
1744	121
1745	131
1746	252
1747	286
1748	274
1749	309
1750	221
1751	129
1752	71
1753	297
1754	227
1755	235
1756	145
1757	163
1758	231
1759	242
1760	208
1761	97
1762	241
1763	211
1764	194
1765	255
1766	63
1767	240
1768	252
1769	247
1770	227
1771	246
1772	186
1773	169
1774	221
1775	59
1776	87
1777	156
1778	133
1779	204
1780	208
1781	164
1782	159
1783	154
1784	144
1785	119
1786	103
1787	57
1788	250
1789	409
1790	388
1791	252
1792	383
1793	329
1794	222
1795	427
1796	213
1797	287
1798	291
1799	485
1800	306
1801	94
1802	394
1803	740
1804	472
1805	861
1806	421
1807	514
1808	235
1809	305
1810	520
1811	297
1812	470
1813	144
1814	189
1815	582
1816	257
1817	245
1818	488
1819	93
1820	141
1821	170
1822	405
1823	189
1824	239
1825	324
1826	166
1827	354
1828	519
1829	156
1830	64
1831	141
1832	452
1833	107
1834	933
1835	118
1836	563
1837	106
1838	101
1839	414
1840	150
1841	184
1842	98
1843	65
1844	130
1845	288
1846	101
1847	185
1848	231
1849	538
1850	284
1851	262
1852	362
1853	327
1854	876
1855	309
1856	208
1857	241
1858	337
1859	344
1860	395
1861	295
1862	432
1863	335
1864	154
1865	283
1866	307
1867	315
1868	181
1869	180
1870	233
1871	304
1872	114
1873	138
1874	115
1875	123
1876	99
1877	145
1878	465
1879	290
1880	214
1881	189
1882	357
1883	504
1884	220
1885	318
1886	187
1887	95
1888	135
1889	367
1890	158
1891	45
1892	230
1893	93
1894	163
1895	146
1896	170
1897	105
1898	523
1899	254
1900	426
1901	92
1902	62
1903	318
1904	1292
1905	122
1906	397
1907	449
1908	879
1909	379
1910	761
1911	378
1912	223
1913	223
1914	361
1915	408
1916	368
1917	619
1918	485
1919	462
1920	292
1921	278
1922	410
1923	255
1924	1183
1925	653
1926	615
1927	659
1928	172
1929	459
1930	123
1931	523
1932	321
1933	423
1934	426
1935	946
1936	108
1937	548
1938	524
1939	310
1940	431
1941	301
1942	283
1943	503
1944	242
1945	265
1946	269
1947	940
1948	162
1949	617
1950	262
1951	306
1952	159
1953	65
1954	138
1955	51
1956	79
1957	442
1958	442
1959	209
1960	340
1961	117
1962	190
1963	242
1964	177
1965	150
1966	441
1967	449
1968	85
1969	291
1970	475
1971	427
1972	791
1973	451
1974	307
1975	64
1976	1201
1977	478
1978	311
1979	135
1980	371
1981	108
1982	510
1983	804
1984	224
1985	349
1986	234
1987	298
1988	345
1989	443
1990	203
1991	167
1992	134
1993	328
1994	694
1995	235
1996	230
1997	346
1998	70
1999	60
2000	491
2001	416
2002	180
2003	446
2004	207
2005	578
2006	260
2007	334
2008	191
2009	359
2010	284
2011	178
2012	259
2013	381
2014	207
2015	80
2016	798
2017	221
2018	237
2019	125
2020	666
2021	171
2022	242
2023	484
2024	163
2025	695
2026	508
2027	210
2028	303
2029	411
2030	215
2031	441
2032	393
2033	245
2034	429
2035	309
2036	229
2037	327
2038	120
2039	85
2040	289
2041	752
2042	348
2043	514
2044	629
2045	372
2046	209
2047	84
2048	143
2049	165
2050	292
2051	211
2052	278
2053	294
2054	334
2055	130
2056	445
2057	487
2058	1053
2059	85
2060	304
2061	355
2062	471
2063	308
2064	279
2065	370
2066	456
2067	84
2068	118
2069	454
2070	326
2071	332
2072	315
2073	440
2074	561
2075	329
2076	490
2077	207
2078	325
2079	166
2080	117
2081	144
2082	572
2083	320
2084	392
2085	583
2086	329
2087	320
2088	308
2089	310
2090	404
2091	89
2092	178
2093	530
2094	130
2095	277
2096	278
2097	558
2098	808
2099	879
2100	204
2101	413
2102	297
2103	189
2104	367
2105	412
2106	478
2107	259
2108	121
2109	469
2110	218
2111	105
2112	215
2113	176
2114	252
2115	728
2116	267
2117	117
2118	252
2119	46
2120	394
2121	582
2122	142
2123	71
2124	76
2125	411
2126	298
2127	316
2128	650
2129	474
2130	164
2131	93
2132	259
2133	471
2134	115
2135	351
2136	251
2137	93
2138	220
2139	292
2140	574
2141	377
2142	444
2143	172
2144	362
2145	113
2146	448
2147	57
2148	318
2149	364
2150	341
2151	343
2152	516
2153	406
2154	338
2155	271
2156	310
2157	301
2158	336
2159	331
2160	356
2161	73
2162	340
2163	183
2164	377
2165	309
2166	399
2167	221
2168	259
2169	435
2170	147
2171	321
2172	258
2173	146
2174	422
2175	394
2176	477
2177	243
2178	277
2179	312
2180	902
2181	73
2182	229
2183	283
2184	274
2185	248
2186	383
2187	363
2188	132
2189	1694
2190	532
2191	439
2192	283
2193	407
2194	169
2195	200
2196	795
2197	348
2198	190
2199	538
2200	518
2201	288
2202	264
2203	333
2204	354
2205	285
2206	248
2207	392
2208	196
2209	72
2210	626
2211	448
2212	815
2213	452
2214	85
2215	231
2216	287
2217	171
2218	151
2219	302
2220	123
2221	145
2222	492
2223	246
2224	411
2225	112
2226	102
2227	624
2228	575
2229	121
2230	322
2231	263
2232	385
2233	131
2234	153
2235	733
2236	654
2237	355
2238	482
2239	331
2240	442
2241	223
2242	596
2243	125
2244	378
2245	213
2246	233
2247	406
2248	64
2249	429
2250	230
2251	717
2252	177
2253	148
2254	336
2255	586
2256	76
2257	433
2258	303
2259	293
2260	704
2261	151
2262	201
2263	160
2264	411
2265	388
2266	181
2267	157
2268	524
2269	131
2270	279
2271	324
2272	306
2273	251
2274	451
2275	356
2276	291
2277	157
2278	92
2279	424
2280	180
2281	135
2282	213
2283	188
2284	188
2285	187
2286	486
2287	201
2288	413
2289	1214
2290	279
2291	63
2292	302
2293	393
2294	154
2295	120
2296	678
2297	423
2298	884
2299	435
2300	544
2301	488
2302	318
2303	162
2304	255
2305	404
2306	224
2307	406
2308	98
2309	726
2310	846
2311	379
2312	390
2313	330
2314	148
2315	200
2316	341
2317	201
2318	342
2319	574
2320	392
2321	207
2322	406
2323	332
2324	137
2325	197
2326	169
2327	439
2328	391
2329	482
2330	273
2331	212
2332	341
2333	797
2334	156
2335	405
2336	211
2337	221
2338	240
2339	346
2340	83
2341	536
2342	138
2343	203
2344	298
2345	339
2346	240
2347	346
2348	776
2349	339
2350	446
2351	268
2352	255
2353	459
2354	361
2355	701
2356	683
2357	267
2358	435
2359	359
2360	267
2361	512
2362	478
2363	196
2364	454
2365	432
2366	395
2367	175
2368	68
2369	220
2370	103
2371	499
2372	241
2373	208
2374	122
2375	280
2376	198
2377	171
2378	97
2379	173
2380	106
2381	109
2382	71
2383	415
2384	341
2385	231
2386	1186
2387	462
2388	212
2389	398
2390	387
2391	253
2392	884
2393	457
2394	295
2395	224
2396	159
2397	220
2398	356
2399	203
2400	243
2401	193
2402	597
2403	311
2404	309
2405	302
2406	766
2407	307
2408	181
2409	340
2410	213
2411	377
2412	482
2413	160
2414	154
2415	435
2416	364
2417	272
2418	465
2419	586
2420	774
2421	207
2422	499
2423	423
2424	292
2425	576
2426	169
2427	341
2428	638
2429	63
2430	382
2431	439
2432	152
2433	308
2434	240
2435	283
2436	382
2437	311
2438	285
2439	297
2440	178
2441	186
2442	354
2443	199
2444	287
2445	440
2446	281
2447	340
2448	532
2449	358
2450	369
2451	512
2452	386
2453	206
2454	494
2455	330
2456	344
2457	373
2458	155
2459	440
2460	351
2461	1535
2462	306
2463	644
2464	298
2465	312
2466	282
2467	52
2468	122
2469	715
2470	220
2471	650
2472	90
2473	257
2474	855
2475	200
2476	381
2477	305
2478	462
2479	246
2480	267
2481	506
2482	254
2483	88
2484	463
2485	192
2486	202
2487	293
2488	156
2489	78
2490	1403
2491	591
2492	521
2493	132
2494	336
2495	220
2496	510
2497	464
2498	233
2499	358
2500	456
2501	139
2502	206
2503	455
2504	149
2505	305
2506	175
2507	471
2508	314
2509	328
2510	374
2511	340
2512	86
2513	411
2514	946
2515	267
2516	416
2517	335
2518	120
2519	73
2520	185
2521	285
2522	134
2523	314
2524	256
2525	285
2526	253
2527	285
2528	299
2529	312
2530	222
2531	683
2532	259
2533	341
2534	412
2535	869
2536	774
2537	404
2538	382
2539	461
2540	432
2541	631
2542	291
2543	329
2544	256
2545	606
2546	357
2547	750
2548	356
2549	303
2550	383
2551	260
2552	389
2553	279
2554	80
2555	577
2556	318
2557	453
2558	361
2559	539
2560	260
2561	216
2562	191
2563	347
2564	236
2565	496
2566	90
2567	324
2568	311
2569	157
2570	806
2571	220
2572	448
2573	236
2574	434
2575	345
2576	700
2577	295
2578	220
2579	216
2580	287
2581	1012
2582	465
2583	1179
2584	974
2585	298
2586	463
2587	415
2588	362
2589	125
2590	437
2591	476
2592	332
2593	467
2594	441
2595	269
2596	273
2597	466
2598	878
2599	263
2600	177
2601	457
2602	442
2603	232
2604	773
2605	189
2606	181
2607	562
2608	419
2609	229
2610	287
2611	179
2612	100
2613	445
2614	407
2615	310
2616	444
2617	183
2618	468
2619	155
2620	554
2621	110
2622	427
2623	209
2624	123
2625	545
2626	745
2627	200
2628	596
2629	594
2630	147
2631	125
2632	85
2633	86
2634	122
2635	182
2636	93
2637	396
2638	157
2639	88
2640	294
2641	225
2642	60
2643	168
2644	75
2645	134
2646	80
2647	156
2648	152
2649	503
2650	181
2651	463
2652	460
2653	234
2654	430
2655	534
2656	229
2657	332
2658	296
2659	213
2660	229
2661	272
2662	280
2663	301
2664	770
2665	997
2666	412
2667	531
2668	503
2669	538
2670	409
2671	450
2672	280
2673	101
2674	226
2675	86
2676	106
2677	145
2678	143
2679	59
2680	330
2681	620
2682	485
2683	253
2684	364
2685	327
2686	1066
2687	356
2688	407
2689	686
2690	555
2691	237
2692	234
2693	108
2694	63
2695	304
2696	791
2697	297
2698	466
2699	512
2700	236
2701	381
2702	416
2703	414
2704	463
2705	353
2706	424
2707	291
2708	235
2709	77
2710	195
2711	317
2712	261
2713	745
2714	405
2715	463
2716	384
2717	352
2718	253
2719	428
2720	368
2721	175
2722	460
2723	357
2724	258
2725	320
2726	223
2727	166
2728	339
2729	437
2730	536
2731	244
2732	180
2733	63
2734	157
2735	254
2736	623
2737	442
2738	343
2739	400
2740	208
2741	452
2742	422
2743	365
2744	305
2745	464
2746	306
2747	285
2748	399
2749	69
2750	175
2751	445
2752	71
2753	85
2754	91
2755	300
2756	160
2757	300
2758	366
2759	144
2760	417
2761	257
2762	316
2763	153
2764	183
2765	280
2766	185
2767	361
2768	369
2769	114
2770	423
2771	630
2772	238
2773	298
2774	292
2775	502
2776	62
2777	73
2778	190
2779	78
2780	66
2781	90
2782	109
2783	131
2784	250
2785	421
2786	148
2787	106
2788	71
2789	460
2790	260
2791	213
2792	240
2793	210
2794	285
2795	189
2796	164
2797	356
2798	250
2799	443
2800	671
2801	61
2802	87
2803	309
2804	297
2805	249
2806	218
2807	438
2808	234
2809	181
2810	275
2811	415
2812	729
2813	494
2814	329
2815	443
2816	245
2817	331
2818	426
2819	297
2820	677
2821	87
2822	66
2823	403
2824	517
2825	742
2826	312
2827	417
2828	114
2829	71
2830	104
2831	154
2832	170
2833	832
2834	217
2835	264
2836	390
2837	163
2838	576
2839	572
2840	162
2841	311
2842	104
2843	925
2844	471
2845	422
2846	270
2847	64
2848	234
2849	1209
2850	257
2851	398
2852	140
2853	323
2854	274
2855	117
2856	226
2857	452
2858	538
2859	379
2860	78
2861	310
2862	113
2863	333
2864	435
2865	316
2866	174
2867	781
2868	233
2869	217
2870	446
2871	406
2872	311
2873	217
2874	297
2875	99
2876	404
2877	234
2878	262
2879	462
2880	174
2881	97
2882	101
2883	611
2884	386
2885	228
2886	258
2887	452
2888	295
2889	339
2890	266
2891	522
2892	287
2893	505
2894	345
2895	476
2896	224
2897	311
2898	173
2899	114
2900	239
2901	232
2902	169
2903	236
2904	260
2905	653
2906	477
2907	418
2908	562
2909	892
2910	164
2911	147
2912	355
2913	255
2914	217
2915	394
2916	354
2917	283
2918	424
2919	291
2920	727
2921	611
2922	264
2923	455
2924	195
2925	341
2926	287
2927	419
2928	293
2929	375
2930	79
2931	375
2932	247
2933	345
2934	344
2935	135
2936	162
2937	402
2938	313
2939	61
2940	342
2941	214
2942	143
2943	83
2944	329
2945	278
2946	322
2947	261
2948	580
2949	440
2950	177
2951	646
2952	227
2953	283
2954	132
2955	639
2956	73
2957	107
2958	84
2959	172
2960	675
2961	548
2962	146
2963	270
2964	518
2965	191
2966	463
2967	815
2968	312
2969	419
2970	436
2971	410
2972	463
2973	107
2974	570
2975	66
2976	329
2977	319
2978	97
2979	272
2980	280
2981	477
2982	120
2983	69
2984	135
2985	126
2986	278
2987	121
2988	226
2989	94
2990	216
2991	324
2992	416
2993	207
2994	109
2995	321
2996	144
2997	224
2998	267
2999	213
3000	130
3001	409
3002	223
3003	156
3004	424
3005	369
3006	266
3007	95
3008	321
3009	264
3010	391
3011	189
3012	176
3013	136
3014	536
3015	431
3016	170
3017	246
3018	163
3019	262
3020	64
3021	1111
3022	264
3023	314
3024	303
3025	313
3026	393
3027	155
3028	256
3029	790
3030	428
3031	149
3032	402
3033	405
3034	885
3035	356
3036	397
3037	336
3038	442
3039	257
3040	361
3041	431
3042	208
3043	278
3044	359
3045	1458
3046	78
3047	210
3048	174
3049	197
3050	199
3051	410
3052	489
3053	203
3054	406
3055	283
3056	447
3057	168
3058	136
3059	187
3060	454
3061	171
3062	227
3063	512
3064	98
3065	190
3066	235
3067	218
3068	680
3069	287
3070	190
3071	314
3072	280
3073	63
3074	707
3075	251
3076	198
3077	635
3078	564
3079	121
3080	378
3081	421
3082	461
3083	328
3084	816
3085	73
3086	72
3087	122
3088	249
3089	90
3090	108
3091	284
3092	121
3093	177
3094	524
3095	366
3096	270
3097	232
3098	659
3099	499
3100	253
3101	146
3102	216
3103	258
3104	159
3105	127
3106	110
3107	488
3108	226
3109	426
3110	381
3111	1053
3112	970
3113	142
3114	553
3115	1037
3116	1023
3117	373
3118	251
3119	767
3120	485
3121	877
3122	342
3123	211
3124	261
3125	226
3126	290
3127	455
3128	200
3129	389
3130	289
3131	69
3132	209
3133	357
3134	97
3135	157
3136	61
3137	436
3138	313
3139	682
3140	230
3141	395
3142	663
3143	517
3144	83
3145	385
3146	367
3147	609
3148	472
3149	483
3150	283
3151	874
3152	248
3153	292
3154	339
3155	322
3156	161
3157	854
3158	315
3159	294
3160	220
3161	253
3162	264
3163	380
3164	820
3165	226
3166	171
3167	292
3168	339
3169	277
3170	173
3171	851
3172	195
3173	893
3174	410
3175	430
3176	359
3177	233
3178	877
3179	342
3180	391
3181	334
3182	360
3183	522
3184	656
3185	833
3186	1103
3187	450
3188	232
3189	387
3190	112
3191	256
3192	142
3193	92
3194	151
3195	90
3196	84
3197	78
3198	87
3199	379
3200	380
3201	170
3202	472
3203	320
3204	90
3205	161
3206	720
3207	362
3208	448
3209	215
3210	429
3211	321
3212	220
3213	435
3214	176
3215	412
3216	683
3217	111
3218	394
3219	142
3220	137
3221	998
3222	461
3223	431
3224	534
3225	588
3226	633
3227	339
3228	574
3229	373
3230	1077
3231	381
3232	344
3233	407
3234	229
3235	181
3236	1022
3237	191
3238	495
3239	295
3240	136
3241	177
3242	159
3243	389
3244	225
3245	378
3246	202
3247	212
3248	415
3249	251
3250	78
3251	135
3252	369
3253	387
3254	432
3255	76
3256	159
3257	171
3258	349
3259	456
3260	410
3261	410
3262	671
3263	420
3264	235
3265	514
3266	129
3267	393
3268	698
3269	1028
3270	640
3271	778
3272	367
3273	538
3274	322
3275	559
3276	156
3277	181
3278	305
3279	373
3280	507
3281	92
3282	282
3283	456
3284	765
3285	198
3286	182
3287	307
3288	512
3289	360
3290	424
3291	195
3292	289
3293	410
3294	707
3295	284
3296	127
3297	227
3298	208
3299	770
3300	467
3301	948
3302	433
3303	351
3304	491
3305	709
3306	328
3307	316
3308	720
3309	631
3310	224
3311	178
3312	784
3313	242
3314	589
3315	278
3316	253
3317	553
3318	344
3319	215
3320	672
3321	322
3322	242
3323	709
3324	344
3325	559
3326	224
3327	85
3328	304
3329	539
3330	338
3331	92
3332	394
3333	339
3334	551
3335	329
3336	204
3337	118
3338	538
3339	331
3340	194
3341	663
3342	146
3343	804
3344	326
3345	382
3346	864
3347	428
3348	494
3349	726
3350	604
3351	424
3352	175
3353	222
3354	394
3355	270
3356	193
3357	134
3358	508
3359	406
3360	597
3361	1056
3362	544
3363	227
3364	228
3365	527
3366	207
3367	412
3368	532
3369	110
3370	662
3371	478
3372	776
3373	145
3374	364
3375	453
3376	386
3377	286
3378	695
3379	142
3380	100
3381	686
3382	746
3383	324
3384	517
3385	250
3386	376
3387	246
3388	105
3389	437
3390	170
3391	338
3392	275
3393	247
3394	165
3395	385
3396	384
3397	255
3398	376
3399	63
3400	72
3401	78
3402	63
3403	61
3404	208
3405	222
3406	179
3407	406
3408	240
3409	688
3410	508
3411	394
3412	350
3413	88
3414	158
3415	221
3416	74
3417	108
3418	203
3419	244
3420	302
3421	134
3422	242
3423	396
3424	140
3425	395
3426	255
3427	363
3428	218
3429	238
3430	65
3431	269
3432	196
3433	264
3434	354
3435	154
3436	246
3437	328
3438	543
3439	207
3440	309
3441	370
3442	529
3443	247
3444	466
3445	289
3446	200
3447	344
3448	564
3449	139
3450	232
3451	161
3452	134
3453	131
3454	399
3455	182
3456	329
3457	197
3458	309
3459	121
3460	651
3461	215
3462	369
3463	140
3464	187
3465	89
3466	88
3467	86
3468	160
3469	387
3470	333
3471	278
3472	423
3473	335
3474	363
3475	97
3476	133
3477	457
3478	350
3479	262
3480	231
3481	110
3482	270
3483	300
3484	298
3485	144
3486	365
3487	262
3488	174
3489	315
3490	216
3491	225
3492	279
3493	365
3494	208
3495	235
3496	245
3497	105
3498	176
3499	79
3500	440
3501	125
3502	256
3503	205
3504	73
3505	169
3506	204
3507	262
3508	319
3509	114
3510	464
3511	104
3512	292
3513	134
3514	91
3515	614
3516	205
3517	197
3518	265
3519	361
3520	261
3521	425
3522	387
3523	70
3524	68
3525	370
3526	380
3527	275
3528	46
3529	309
3530	113
3531	1449
3532	155
3533	440
3534	449
3535	516
3536	462
3537	223
3538	107
3539	315
3540	1475
3541	284
3542	343
3543	355
3544	130
3545	400
3546	398
3547	339
3548	183
3549	91
3550	178
3551	96
3552	128
3553	299
3554	154
3555	295
3556	211
3557	196
3558	287
3559	150
3560	153
3561	79
3562	644
3563	336
3564	188
3565	180
3566	147
3567	796
3568	432
3569	211
3570	238
3571	106
3572	96
3573	303
3574	761
3575	726
3576	804
3577	422
3578	712
3579	236
3580	419
3581	442
3582	365
3583	519
3584	919
3585	380
3586	257
3587	308
3588	1000
3589	766
3590	427
3591	392
3592	664
3593	539
3594	1000
3595	388
3596	428
3597	126
3598	687
3599	852
3600	749
3601	647
3602	606
3603	1095
3604	698
3605	620
3606	735
3607	899
3608	1403
3609	1082
3610	949
3611	1115
3612	353
3613	538
3614	578
3615	619
3616	790
3617	854
3618	431
3619	383
3620	572
3621	1387
3622	489
3623	299
3624	1006
3625	1346
3626	772
3627	576
3628	491
3629	410
3630	770
3631	555
3632	254
3633	173
3634	551
3635	379
3636	515
3637	410
3638	280
3639	337
3640	360
3641	284
3642	185
3643	365
3644	392
3645	250
3646	337
3647	359
3648	182
3649	100
3650	521
3651	323
3652	658
3653	179
3654	147
3655	585
3656	505
3657	159
3658	80
3659	462
3660	345
3661	89
3662	184
3663	270
3664	66
3665	119
3666	316
3667	231
3668	771
3669	321
3670	531
3671	241
3672	338
3673	307
3674	338
3675	228
3676	365
3677	872
3678	742
3679	91
3680	433
3681	416
3682	178
3683	162
3684	340
3685	391
3686	286
3687	255
3688	436
3689	174
3690	423
3691	480
3692	183
3693	274
3694	139
3695	296
3696	325
3697	339
3698	246
3699	380
3700	187
3701	284
3702	360
3703	326
3704	316
3705	786
3706	168
3707	407
3708	361
3709	1050
3710	294
3711	459
3712	363
3713	196
3714	400
3715	151
3716	471
3717	432
3718	155
3719	999
3720	163
3721	578
3722	136
3723	281
3724	864
3725	729
3726	432
3727	778
3728	353
3729	430
3730	545
3731	910
3732	798
3733	293
3734	1370
3735	734
3736	710
3737	401
3738	286
3739	80
3740	92
3741	365
3742	199
3743	392
3744	282
3745	376
3746	357
3747	273
3748	336
3749	179
3750	333
3751	362
3752	313
3753	189
3754	410
3755	91
3756	73
3757	231
3758	195
3759	434
3760	97
